"Položka ";"Název ";"Druh ";"Třída ";"Seskupení ";"Podseskupení ";"Od ";"Do "
"5011";"Platy zaměstnanců v pracovním poměru vyjma zaměstnanců na služebních místech";"Výdaje";"Běžné výdaje";"Platy a podobné a související výdaje";"Platy";"1.1.2016";"1.1.9999"
"5012";"Platy zaměstnanců bezpečnostních sborů a ozbrojených sil ve služebním poměru";"Výdaje";"Běžné výdaje";"Platy a podobné a související výdaje";"Platy";"1.1.2016";"1.1.9999"
"5013";"Platy zaměstnanců na služebních místech podle zákona o státní službě";"Výdaje";"Běžné výdaje";"Platy a podobné a související výdaje";"Platy";"1.1.2016";"1.1.9999"
"5014";"Platy zaměstnanců v pracovním poměru odvozované od platů ústavních činitelů";"Výdaje";"Běžné výdaje";"Platy a podobné a související výdaje";"Platy";"1.1.1900";"1.1.9999"
"5019";"Ostatní platy";"Výdaje";"Běžné výdaje";"Platy a podobné a související výdaje";"Platy";"1.1.1900";"1.1.9999"
"5021";"Ostatní osobní výdaje";"Výdaje";"Běžné výdaje";"Platy a podobné a související výdaje";"Ostatní platby za provedenou práci";"1.1.1900";"1.1.9999"
"5022";"Platy představitelů státní moci a některých orgánů";"Výdaje";"Běžné výdaje";"Platy a podobné a související výdaje";"Ostatní platby za provedenou práci";"1.1.1900";"1.1.9999"
"5023";"Odměny členů zastupitelstev obcí a krajů";"Výdaje";"Běžné výdaje";"Platy a podobné a související výdaje";"Ostatní platby za provedenou práci";"1.1.1900";"1.1.9999"
"5024";"Odstupné";"Výdaje";"Běžné výdaje";"Platy a podobné a související výdaje";"Ostatní platby za provedenou práci";"1.1.1900";"1.1.9999"
"5025";"Odbytné";"Výdaje";"Běžné výdaje";"Platy a podobné a související výdaje";"Ostatní platby za provedenou práci";"1.1.1900";"1.1.9999"
"5026";"Odchodné";"Výdaje";"Běžné výdaje";"Platy a podobné a související výdaje";"Ostatní platby za provedenou práci";"1.1.1900";"1.1.9999"
"5027";"Náležitosti osob vykonávajících vojenská cvičení a další vojenskou službu";"Výdaje";"Běžné výdaje";"Platy a podobné a související výdaje";"Ostatní platby za provedenou práci";"1.1.1900";"1.1.9999"
"5029";"Ostatní platby za provedenou práci jinde nezařazené";"Výdaje";"Běžné výdaje";"Platy a podobné a související výdaje";"Ostatní platby za provedenou práci";"1.1.1900";"1.1.9999"
"5031";"Povinné pojistné na sociální zabezpečení a příspěvek na státní politiku zaměstnanosti";"Výdaje";"Běžné výdaje";"Platy a podobné a související výdaje";"Povinné pojistné placené zaměstnavatelem";"1.1.1900";"1.1.9999"
"5032";"Povinné pojistné na veřejné zdravotní pojištění";"Výdaje";"Běžné výdaje";"Platy a podobné a související výdaje";"Povinné pojistné placené zaměstnavatelem";"1.1.1900";"1.1.9999"
"5038";"Povinné pojistné na úrazové pojištění";"Výdaje";"Běžné výdaje";"Platy a podobné a související výdaje";"Povinné pojistné placené zaměstnavatelem";"1.1.1900";"1.1.9999"
"5039";"Ostatní povinné pojistné placené zaměstnavatelem";"Výdaje";"Běžné výdaje";"Platy a podobné a související výdaje";"Povinné pojistné placené zaměstnavatelem";"1.1.1900";"1.1.9999"
"5041";"Odměny za užití duševního vlastnictví";"Výdaje";"Běžné výdaje";"Platy a podobné a související výdaje";"Odměny za užití duševního vlastnictví";"1.1.1900";"1.1.9999"
"5042";"Odměny za užití počítačových programů";"Výdaje";"Běžné výdaje";"Platy a podobné a související výdaje";"Odměny za užití duševního vlastnictví";"1.1.2014";"1.1.9999"
"5051";"Mzdové náhrady";"Výdaje";"Běžné výdaje";"Platy a podobné a související výdaje";"Mzdové náhrady";"1.1.1900";"1.1.9999"
"5131";"Potraviny";"Výdaje";"Běžné výdaje";"Neinvestiční nákupy a související výdaje";"Nákup materiálu";"1.1.1900";"1.1.9999"
"5132";"Ochranné pomůcky";"Výdaje";"Běžné výdaje";"Neinvestiční nákupy a související výdaje";"Nákup materiálu";"1.1.1900";"1.1.9999"
"5133";"Léky a zdravotnický materiál";"Výdaje";"Běžné výdaje";"Neinvestiční nákupy a související výdaje";"Nákup materiálu";"1.1.1900";"1.1.9999"
"5134";"Prádlo, oděv a obuv";"Výdaje";"Běžné výdaje";"Neinvestiční nákupy a související výdaje";"Nákup materiálu";"1.1.1900";"1.1.9999"
"5135";"Učebnice a bezplatně poskytované školní potřeby";"Výdaje";"Běžné výdaje";"Neinvestiční nákupy a související výdaje";"Nákup materiálu";"1.1.1900";"1.1.9999"
"5136";"Knihy, učební pomůcky a tisk";"Výdaje";"Běžné výdaje";"Neinvestiční nákupy a související výdaje";"Nákup materiálu";"1.1.1900";"1.1.9999"
"5137";"Drobný hmotný dlouhodobý majetek";"Výdaje";"Běžné výdaje";"Neinvestiční nákupy a související výdaje";"Nákup materiálu";"1.1.1900";"1.1.9999"
"5138";"Nákup zboží (za účelem dalšího prodeje)";"Výdaje";"Běžné výdaje";"Neinvestiční nákupy a související výdaje";"Nákup materiálu";"1.1.1900";"1.1.9999"
"5139";"Nákup materiálu jinde nezařazený";"Výdaje";"Běžné výdaje";"Neinvestiční nákupy a související výdaje";"Nákup materiálu";"1.1.1900";"1.1.9999"
"5141";"Úroky vlastní";"Výdaje";"Běžné výdaje";"Neinvestiční nákupy a související výdaje";"Úroky a ostatní finanční výdaje";"1.1.1900";"1.1.9999"
"5142";"Kursové rozdíly ve výdajích";"Výdaje";"Běžné výdaje";"Neinvestiční nákupy a související výdaje";"Úroky a ostatní finanční výdaje";"1.1.2012";"1.1.9999"
"5143";"Úroky vzniklé převzetím cizích závazků";"Výdaje";"Běžné výdaje";"Neinvestiční nákupy a související výdaje";"Úroky a ostatní finanční výdaje";"1.1.1900";"1.1.9999"
"5144";"Poplatky dluhové služby";"Výdaje";"Běžné výdaje";"Neinvestiční nákupy a související výdaje";"Úroky a ostatní finanční výdaje";"1.1.1900";"1.1.9999"
"5145";"Neúrokové výdaje na finanční deriváty k vlastním dluhopisům";"Výdaje";"Běžné výdaje";"Neinvestiční nákupy a související výdaje";"Úroky a ostatní finanční výdaje";"1.1.2015";"1.1.9999"
"5146";"Úrokové výdaje na finanční deriváty k vlastním dluhopisům";"Výdaje";"Běžné výdaje";"Neinvestiční nákupy a související výdaje";"Úroky a ostatní finanční výdaje";"1.1.2014";"1.1.9999"
"5147";"Úrokové výdaje na finanční deriváty kromě k vlastním dluhopisům";"Výdaje";"Běžné výdaje";"Neinvestiční nákupy a související výdaje";"Úroky a ostatní finanční výdaje";"1.1.2014";"1.1.9999"
"5148";"Neúrokové výdaje na finanční deriváty kromě k vlastním dluhopisům";"Výdaje";"Běžné výdaje";"Neinvestiční nákupy a související výdaje";"Úroky a ostatní finanční výdaje";"1.10.2014";"1.1.9999"
"5149";"Ostatní úroky a ostatní finanční výdaje";"Výdaje";"Běžné výdaje";"Neinvestiční nákupy a související výdaje";"Úroky a ostatní finanční výdaje";"1.1.1900";"1.1.9999"
"5151";"Studená voda";"Výdaje";"Běžné výdaje";"Neinvestiční nákupy a související výdaje";"Nákup vody, paliv a energie";"1.1.1900";"1.1.9999"
"5152";"Teplo";"Výdaje";"Běžné výdaje";"Neinvestiční nákupy a související výdaje";"Nákup vody, paliv a energie";"1.1.1900";"1.1.9999"
"5153";"Plyn";"Výdaje";"Běžné výdaje";"Neinvestiční nákupy a související výdaje";"Nákup vody, paliv a energie";"1.1.1900";"1.1.9999"
"5154";"Elektrická energie";"Výdaje";"Běžné výdaje";"Neinvestiční nákupy a související výdaje";"Nákup vody, paliv a energie";"1.1.1900";"1.1.9999"
"5155";"Pevná paliva";"Výdaje";"Běžné výdaje";"Neinvestiční nákupy a související výdaje";"Nákup vody, paliv a energie";"1.1.1900";"1.1.9999"
"5156";"Pohonné hmoty a maziva";"Výdaje";"Běžné výdaje";"Neinvestiční nákupy a související výdaje";"Nákup vody, paliv a energie";"1.1.1900";"1.1.9999"
"5157";"Teplá voda";"Výdaje";"Běžné výdaje";"Neinvestiční nákupy a související výdaje";"Nákup vody, paliv a energie";"1.1.1900";"1.1.9999"
"5159";"Nákup ostatních paliv a energie";"Výdaje";"Běžné výdaje";"Neinvestiční nákupy a související výdaje";"Nákup vody, paliv a energie";"1.1.1900";"1.1.9999"
"5161";"Poštovní služby";"Výdaje";"Běžné výdaje";"Neinvestiční nákupy a související výdaje";"Nákup služeb";"1.1.2014";"1.1.9999"
"5162";"Služby telekomunikací a radiokomunikací";"Výdaje";"Běžné výdaje";"Neinvestiční nákupy a související výdaje";"Nákup služeb";"1.1.1900";"1.1.9999"
"5163";"Služby peněžních ústavů";"Výdaje";"Běžné výdaje";"Neinvestiční nákupy a související výdaje";"Nákup služeb";"1.1.1900";"1.1.9999"
"5164";"Nájemné";"Výdaje";"Běžné výdaje";"Neinvestiční nákupy a související výdaje";"Nákup služeb";"1.1.1900";"1.1.9999"
"5165";"Nájemné za půdu";"Výdaje";"Běžné výdaje";"Neinvestiční nákupy a související výdaje";"Nákup služeb";"1.1.1900";"1.1.9999"
"5166";"Konzultační, poradenské a právní služby";"Výdaje";"Běžné výdaje";"Neinvestiční nákupy a související výdaje";"Nákup služeb";"1.1.1900";"1.1.9999"
"5167";"Služby školení a vzdělávání";"Výdaje";"Běžné výdaje";"Neinvestiční nákupy a související výdaje";"Nákup služeb";"1.1.1900";"1.1.9999"
"5168";"Zpracování dat a služby související s informačními a komunikačními technologiemi";"Výdaje";"Běžné výdaje";"Neinvestiční nákupy a související výdaje";"Nákup služeb";"1.1.2014";"1.1.9999"
"5169";"Nákup ostatních služeb";"Výdaje";"Běžné výdaje";"Neinvestiční nákupy a související výdaje";"Nákup služeb";"1.1.1900";"1.1.9999"
"5171";"Opravy a udržování";"Výdaje";"Běžné výdaje";"Neinvestiční nákupy a související výdaje";"Ostatní nákupy";"1.1.1900";"1.1.9999"
"5172";"Programové vybavení";"Výdaje";"Běžné výdaje";"Neinvestiční nákupy a související výdaje";"Ostatní nákupy";"1.1.1900";"1.1.9999"
"5173";"Cestovné (tuzemské i zahraniční)";"Výdaje";"Běžné výdaje";"Neinvestiční nákupy a související výdaje";"Ostatní nákupy";"1.1.1900";"1.1.9999"
"5175";"Pohoštění";"Výdaje";"Běžné výdaje";"Neinvestiční nákupy a související výdaje";"Ostatní nákupy";"1.1.1900";"1.1.9999"
"5176";"Účastnické poplatky na konference";"Výdaje";"Běžné výdaje";"Neinvestiční nákupy a související výdaje";"Ostatní nákupy";"1.1.1900";"1.1.9999"
"5177";"Nákup uměleckých předmětů";"Výdaje";"Běžné výdaje";"Neinvestiční nákupy a související výdaje";"Ostatní nákupy";"1.1.1900";"1.1.9999"
"5178";"Nájemné za nájem s právem koupě";"Výdaje";"Běžné výdaje";"Neinvestiční nákupy a související výdaje";"Ostatní nákupy";"1.1.1900";"1.1.9999"
"5179";"Ostatní nákupy jinde nezařazené";"Výdaje";"Běžné výdaje";"Neinvestiční nákupy a související výdaje";"Ostatní nákupy";"1.1.1900";"1.1.9999"
"5181";"Poskytnuté zálohy vnitřním organizačním jednotkám";"Výdaje";"Běžné výdaje";"Neinvestiční nákupy a související výdaje";"Poskytnuté zálohy, jistiny, záruky a vládní úvěry";"1.1.1900";"1.1.9999"
"5182";"Poskytované zálohy vlastní pokladně";"Výdaje";"Běžné výdaje";"Neinvestiční nákupy a související výdaje";"Poskytnuté zálohy, jistiny, záruky a vládní úvěry";"1.1.1900";"1.1.9999"
"5183";"Výdaje na realizaci záruk";"Výdaje";"Běžné výdaje";"Neinvestiční nákupy a související výdaje";"Poskytnuté zálohy, jistiny, záruky a vládní úvěry";"1.1.1900";"1.1.9999"
"5184";"Výdaje na vládní úvěry";"Výdaje";"Běžné výdaje";"Neinvestiční nákupy a související výdaje";"Poskytnuté zálohy, jistiny, záruky a vládní úvěry";"1.1.1900";"1.1.9999"
"5189";"Ostatní poskytované zálohy a jistiny";"Výdaje";"Běžné výdaje";"Neinvestiční nákupy a související výdaje";"Poskytnuté zálohy, jistiny, záruky a vládní úvěry";"1.1.1900";"1.1.9999"
"5191";"Zaplacené sankce";"Výdaje";"Běžné výdaje";"Neinvestiční nákupy a související výdaje";"Výdaje související s neinvestičními nákupy, příspěvky, náhrady a věcné dary";"1.1.1900";"1.1.9999"
"5192";"Poskytnuté náhrady";"Výdaje";"Běžné výdaje";"Neinvestiční nákupy a související výdaje";"Výdaje související s neinvestičními nákupy, příspěvky, náhrady a věcné dary";"1.1.2015";"1.1.9999"
"5193";"Výdaje na dopravní územní obslužnost";"Výdaje";"Běžné výdaje";"Neinvestiční nákupy a související výdaje";"Výdaje související s neinvestičními nákupy, příspěvky, náhrady a věcné dary";"1.1.1900";"1.1.9999"
"5194";"Věcné dary";"Výdaje";"Běžné výdaje";"Neinvestiční nákupy a související výdaje";"Výdaje související s neinvestičními nákupy, příspěvky, náhrady a věcné dary";"1.1.1900";"1.1.9999"
"5195";"Odvody za neplnění povinnosti zaměstnávat zdravotně postižené";"Výdaje";"Běžné výdaje";"Neinvestiční nákupy a související výdaje";"Výdaje související s neinvestičními nákupy, příspěvky, náhrady a věcné dary";"1.1.1900";"1.1.9999"
"5196";"Náhrady a příspěvky související s výkonem ústavní funkce a funkce soudce";"Výdaje";"Běžné výdaje";"Neinvestiční nákupy a související výdaje";"Výdaje související s neinvestičními nákupy, příspěvky, náhrady a věcné dary";"1.1.1900";"1.1.9999"
"5197";"Náhrady zvýšených nákladů spojených s výkonem funkce v zahraničí";"Výdaje";"Běžné výdaje";"Neinvestiční nákupy a související výdaje";"Výdaje související s neinvestičními nákupy, příspěvky, náhrady a věcné dary";"1.1.1900";"1.1.9999"
"5198";"Finanční náhrady v rámci majetkového vyrovnání s církvemi";"Výdaje";"Běžné výdaje";"Neinvestiční nákupy a související výdaje";"Výdaje související s neinvestičními nákupy, příspěvky, náhrady a věcné dary";"1.1.2014";"1.1.9999"
"5199";"Ostatní výdaje související s neinvestičními nákupy";"Výdaje";"Běžné výdaje";"Neinvestiční nákupy a související výdaje";"Výdaje související s neinvestičními nákupy, příspěvky, náhrady a věcné dary";"1.1.1900";"1.1.9999"
"5211";"Neinvestiční transfery finančním institucím";"Výdaje";"Běžné výdaje";"Neinvestiční transfery soukromoprávním subjektům";"Neinvestiční transfery podnikatelským subjektům";"1.1.1900";"1.1.9999"
"5212";"Neinvestiční transfery nefinančním podnikatelskýmsubjektům-fyzickým osobám";"Výdaje";"Běžné výdaje";"Neinvestiční transfery soukromoprávním subjektům";"Neinvestiční transfery podnikatelským subjektům";"1.1.1900";"1.1.9999"
"5213";"Neinvestiční transfery nefinančním podnikatelským subjektům-právnickým osobám";"Výdaje";"Běžné výdaje";"Neinvestiční transfery soukromoprávním subjektům";"Neinvestiční transfery podnikatelským subjektům";"1.1.1900";"1.1.9999"
"5214";"Neinvestiční transfery finančním a podobným institucím ve vlastnictví státu";"Výdaje";"Běžné výdaje";"Neinvestiční transfery soukromoprávním subjektům";"Neinvestiční transfery podnikatelským subjektům";"1.1.1900";"1.1.9999"
"5215";"Neinvestiční transfery vybraným podnikatelským subjektům ve vlastnictví státu";"Výdaje";"Běžné výdaje";"Neinvestiční transfery soukromoprávním subjektům";"Neinvestiční transfery podnikatelským subjektům";"1.1.1900";"1.1.9999"
"5219";"Ostatní neinvestiční transfery podnikatelským subjektům";"Výdaje";"Běžné výdaje";"Neinvestiční transfery soukromoprávním subjektům";"Neinvestiční transfery podnikatelským subjektům";"1.1.1900";"1.1.9999"
"5221";"Neinvestiční transfery obecně prospěšným společnostem";"Výdaje";"Běžné výdaje";"Neinvestiční transfery soukromoprávním subjektům";"Neinvestiční transfery neziskovým a podobným organizacím";"1.1.1900";"1.1.9999"
"5222";"Neinvestiční transfery spolkům";"Výdaje";"Běžné výdaje";"Neinvestiční transfery soukromoprávním subjektům";"Neinvestiční transfery neziskovým a podobným organizacím";"1.1.2014";"1.1.9999"
"5223";"Neinvestiční transfery církvím a náboženským společnostem";"Výdaje";"Běžné výdaje";"Neinvestiční transfery soukromoprávním subjektům";"Neinvestiční transfery neziskovým a podobným organizacím";"1.1.1900";"1.1.9999"
"5224";"Neinvestiční transfery politickým stranám a hnutím";"Výdaje";"Běžné výdaje";"Neinvestiční transfery soukromoprávním subjektům";"Neinvestiční transfery neziskovým a podobným organizacím";"1.1.1900";"1.1.9999"
"5225";"Neinvestiční transfery společenstvím vlastníků jednotek";"Výdaje";"Běžné výdaje";"Neinvestiční transfery soukromoprávním subjektům";"Neinvestiční transfery neziskovým a podobným organizacím";"1.1.1900";"1.1.9999"
"5229";"Ostatní neinvestiční transfery neziskovým a podobným organizacím";"Výdaje";"Běžné výdaje";"Neinvestiční transfery soukromoprávním subjektům";"Neinvestiční transfery neziskovým a podobným organizacím";"1.1.1900";"1.1.9999"
"5230";"Neinvestiční nedotační transfery podnikatelským subjektům";"Výdaje";"Běžné výdaje";"Neinvestiční transfery soukromoprávním subjektům";"Neinvestiční nedotační transfery podnikatelským subjektům";"1.1.1900";"1.1.9999"
"5240";"Neinvestiční nedotační transfery neziskovým a podobným organizacím";"Výdaje";"Běžné výdaje";"Neinvestiční transfery soukromoprávním subjektům";"Neinvestiční nedotační transfery neziskovým a podobným organizacím";"1.1.1900";"1.1.9999"
"5250";"Refundace poloviny náhrady mzdy za dočasnou pracovní neschopnost";"Výdaje";"Běžné výdaje";"Neinvestiční transfery soukromoprávním subjektům";"Neinvestiční transfery v souvislosti s nemocenským pojištěním";"1.1.1900";"1.1.9999"
"5311";"Neinvestiční transfery státnímu rozpočtu";"Výdaje";"Běžné výdaje";"Neinvestiční transfery veřejnoprávním subjektům amezi peněžními fondy téhož subjektu";"Neinvestiční transfery veřejným rozpočtům ústřední úrovně";"1.1.1900";"1.1.9999"
"5312";"Neinvestiční transfery státním fondům";"Výdaje";"Běžné výdaje";"Neinvestiční transfery veřejnoprávním subjektům amezi peněžními fondy téhož subjektu";"Neinvestiční transfery veřejným rozpočtům ústřední úrovně";"1.1.1900";"1.1.9999"
"5313";"Neinvestiční transfery zvláštním fondům ústřední úrovně";"Výdaje";"Běžné výdaje";"Neinvestiční transfery veřejnoprávním subjektům amezi peněžními fondy téhož subjektu";"Neinvestiční transfery veřejným rozpočtům ústřední úrovně";"1.1.1900";"1.1.9999"
"5314";"Neinvestiční transfery fondům sociálního a veřejného zdravotního pojištění";"Výdaje";"Běžné výdaje";"Neinvestiční transfery veřejnoprávním subjektům amezi peněžními fondy téhož subjektu";"Neinvestiční transfery veřejným rozpočtům ústřední úrovně";"1.1.1900";"1.1.9999"
"5315";"Odvod daně za zaměstnance";"Výdaje";"Běžné výdaje";"Neinvestiční transfery veřejnoprávním subjektům amezi peněžními fondy téhož subjektu";"Neinvestiční transfery veřejným rozpočtům ústřední úrovně";"1.1.1900";"1.1.9999"
"5316";"Odvod pojistného na sociální zabezpečení a příspěvku na státní politiku zaměstnanosti za zaměstnance";"Výdaje";"Běžné výdaje";"Neinvestiční transfery veřejnoprávním subjektům amezi peněžními fondy téhož subjektu";"Neinvestiční transfery veřejným rozpočtům ústřední úrovně";"1.1.1900";"1.1.9999"
"5317";"Odvod pojistného na veřejné zdravotní pojištění za zaměstnance";"Výdaje";"Běžné výdaje";"Neinvestiční transfery veřejnoprávním subjektům amezi peněžními fondy téhož subjektu";"Neinvestiční transfery veřejným rozpočtům ústřední úrovně";"1.1.1900";"1.1.9999"
"5318";"Neinvestiční transfery prostředků do státních finančních aktiv";"Výdaje";"Běžné výdaje";"Neinvestiční transfery veřejnoprávním subjektům amezi peněžními fondy téhož subjektu";"Neinvestiční transfery veřejným rozpočtům ústřední úrovně";"1.1.1900";"1.1.9999"
"5319";"Ostatní neinvestiční transfery jiným veřejným rozpočtům";"Výdaje";"Běžné výdaje";"Neinvestiční transfery veřejnoprávním subjektům amezi peněžními fondy téhož subjektu";"Neinvestiční transfery veřejným rozpočtům ústřední úrovně";"1.1.1900";"1.1.9999"
"5321";"Neinvestiční transfery obcím";"Výdaje";"Běžné výdaje";"Neinvestiční transfery veřejnoprávním subjektům amezi peněžními fondy téhož subjektu";"Neinvestiční transfery veřejným rozpočtům územní úrovně";"1.1.1900";"1.1.9999"
"5322";"Neinvestiční transfery obcím v rámci souhrnného dotačního vztahu";"Výdaje";"Běžné výdaje";"Neinvestiční transfery veřejnoprávním subjektům amezi peněžními fondy téhož subjektu";"Neinvestiční transfery veřejným rozpočtům územní úrovně";"1.1.1900";"1.1.9999"
"5323";"Neinvestiční transfery krajům";"Výdaje";"Běžné výdaje";"Neinvestiční transfery veřejnoprávním subjektům amezi peněžními fondy téhož subjektu";"Neinvestiční transfery veřejným rozpočtům územní úrovně";"1.1.1900";"1.1.9999"
"5324";"Neinvestiční transfery krajům v rámci souhrnného dotačního vztahu";"Výdaje";"Běžné výdaje";"Neinvestiční transfery veřejnoprávním subjektům amezi peněžními fondy téhož subjektu";"Neinvestiční transfery veřejným rozpočtům územní úrovně";"1.1.1900";"1.1.9999"
"5325";"Neinvestiční transfery regionálním radám";"Výdaje";"Běžné výdaje";"Neinvestiční transfery veřejnoprávním subjektům amezi peněžními fondy téhož subjektu";"Neinvestiční transfery veřejným rozpočtům územní úrovně";"1.1.1900";"1.1.9999"
"5329";"Ostatní neinvestiční transfery veřejným rozpočtům územní úrovně";"Výdaje";"Běžné výdaje";"Neinvestiční transfery veřejnoprávním subjektům amezi peněžními fondy téhož subjektu";"Neinvestiční transfery veřejným rozpočtům územní úrovně";"1.1.1900";"1.1.9999"
"5331";"Neinvestiční příspěvky zřízeným příspěvkovým organizacím";"Výdaje";"Běžné výdaje";"Neinvestiční transfery veřejnoprávním subjektům amezi peněžními fondy téhož subjektu";"Neinvestiční transfery příspěvkovým a podobným organizacím";"1.1.1900";"1.1.9999"
"5332";"Neinvestiční transfery vysokým školám";"Výdaje";"Běžné výdaje";"Neinvestiční transfery veřejnoprávním subjektům amezi peněžními fondy téhož subjektu";"Neinvestiční transfery příspěvkovým a podobným organizacím";"1.1.1900";"1.1.9999"
"5333";"Neinvestiční transfery školským právnickým osobámzřízeným státem, kraji a obcemi";"Výdaje";"Běžné výdaje";"Neinvestiční transfery veřejnoprávním subjektům amezi peněžními fondy téhož subjektu";"Neinvestiční transfery příspěvkovým a podobným organizacím";"1.1.1900";"1.1.9999"
"5334";"Neinvestiční transfery veřejným výzkumným institucím";"Výdaje";"Běžné výdaje";"Neinvestiční transfery veřejnoprávním subjektům amezi peněžními fondy téhož subjektu";"Neinvestiční transfery příspěvkovým a podobným organizacím";"1.1.1900";"1.1.9999"
"5336";"Neinvestiční transfery zřízeným příspěvkovým organizacím";"Výdaje";"Běžné výdaje";"Neinvestiční transfery veřejnoprávním subjektům amezi peněžními fondy téhož subjektu";"Neinvestiční transfery příspěvkovým a podobným organizacím";"1.1.2012";"1.1.9999"
"5339";"Neinvestiční transfery cizím příspěvkovým organizacím";"Výdaje";"Běžné výdaje";"Neinvestiční transfery veřejnoprávním subjektům amezi peněžními fondy téhož subjektu";"Neinvestiční transfery příspěvkovým a podobným organizacím";"1.1.1900";"1.1.9999"
"5341";"Převody vlastním fondům hospodářské (podnikatelské) činnosti";"Výdaje";"Běžné výdaje";"Neinvestiční transfery veřejnoprávním subjektům amezi peněžními fondy téhož subjektu";"Převody vlastním fondům a ve vztahu k útvarům bez plné právní subjektivity";"1.1.1900";"1.1.9999"
"5342";"Převody fondu kulturních a sociálních potřeb a sociálnímu fondu obcí a krajů";"Výdaje";"Běžné výdaje";"Neinvestiční transfery veřejnoprávním subjektům amezi peněžními fondy téhož subjektu";"Převody vlastním fondům a ve vztahu k útvarům bez plné právní subjektivity";"1.1.1900";"1.1.9999"
"5343";"Převody jiným vlastním fondům a účtům nemajícím charakter veřejných rozpočtů";"Výdaje";"Běžné výdaje";"Neinvestiční transfery veřejnoprávním subjektům amezi peněžními fondy téhož subjektu";"Převody vlastním fondům a ve vztahu k útvarům bez plné právní subjektivity";"1.1.1900";"1.1.9999"
"5344";"Převody vlastním rezervním fondům územních rozpočtů";"Výdaje";"Běžné výdaje";"Neinvestiční transfery veřejnoprávním subjektům amezi peněžními fondy téhož subjektu";"Převody vlastním fondům a ve vztahu k útvarům bez plné právní subjektivity";"1.1.1900";"1.1.9999"
"5345";"Převody vlastním rozpočtovým účtům";"Výdaje";"Běžné výdaje";"Neinvestiční transfery veřejnoprávním subjektům amezi peněžními fondy téhož subjektu";"Převody vlastním fondům a ve vztahu k útvarům bez plné právní subjektivity";"1.1.1900";"1.1.9999"
"5346";"Převody do fondů organizačních složek státu";"Výdaje";"Běžné výdaje";"Neinvestiční transfery veřejnoprávním subjektům amezi peněžními fondy téhož subjektu";"Převody vlastním fondům a ve vztahu k útvarům bez plné právní subjektivity";"1.1.1900";"1.1.9999"
"5347";"Převody mezi statutárními městy (hl.m.Prahou) a jejich městskými obvody nebo částmi - výdaje";"Výdaje";"Běžné výdaje";"Neinvestiční transfery veřejnoprávním subjektům amezi peněžními fondy téhož subjektu";"Převody vlastním fondům a ve vztahu k útvarům bez plné právní subjektivity";"1.10.2014";"1.1.9999"
"5349";"Ostatní převody vlastním fondům";"Výdaje";"Běžné výdaje";"Neinvestiční transfery veřejnoprávním subjektům amezi peněžními fondy téhož subjektu";"Převody vlastním fondům a ve vztahu k útvarům bez plné právní subjektivity";"1.1.1900";"1.1.9999"
"5361";"Nákup kolků";"Výdaje";"Běžné výdaje";"Neinvestiční transfery veřejnoprávním subjektům amezi peněžními fondy téhož subjektu";"Ostatní neinvestiční transfery jiným veřejným rozpočtům";"1.1.1900";"1.1.9999"
"5362";"Platby daní a poplatků státnímu rozpočtu";"Výdaje";"Běžné výdaje";"Neinvestiční transfery veřejnoprávním subjektům amezi peněžními fondy téhož subjektu";"Ostatní neinvestiční transfery jiným veřejným rozpočtům";"1.1.1900";"1.1.9999"
"5363";"Úhrady sankcí jiným rozpočtům";"Výdaje";"Běžné výdaje";"Neinvestiční transfery veřejnoprávním subjektům amezi peněžními fondy téhož subjektu";"Ostatní neinvestiční transfery jiným veřejným rozpočtům";"1.1.1900";"1.1.9999"
"5364";"Vratky veřejným rozpočtům ústřední úrovně transferů poskytnutých v minulých rozpočtových obdobích";"Výdaje";"Běžné výdaje";"Neinvestiční transfery veřejnoprávním subjektům amezi peněžními fondy téhož subjektu";"Ostatní neinvestiční transfery jiným veřejným rozpočtům";"1.1.1900";"1.1.9999"
"5365";"Platby daní a poplatků krajům, obcím a státním fondům";"Výdaje";"Běžné výdaje";"Neinvestiční transfery veřejnoprávním subjektům amezi peněžními fondy téhož subjektu";"Ostatní neinvestiční transfery jiným veřejným rozpočtům";"1.1.1900";"1.1.9999"
"5366";"Výdaje z finančního vypořádání minulých let mezi krajem a obcemi";"Výdaje";"Běžné výdaje";"Neinvestiční transfery veřejnoprávním subjektům amezi peněžními fondy téhož subjektu";"Ostatní neinvestiční transfery jiným veřejným rozpočtům";"1.1.1900";"1.1.9999"
"5367";"Výdaje z finančního vypořádání minulých let mezi obcemi";"Výdaje";"Běžné výdaje";"Neinvestiční transfery veřejnoprávním subjektům amezi peněžními fondy téhož subjektu";"Ostatní neinvestiční transfery jiným veřejným rozpočtům";"1.1.1900";"1.1.9999"
"5368";"Výdaje z finančního vypořádání minulých let mezi regionální radou a kraji, obcemi a dobrovolnými svazky obcí";"Výdaje";"Běžné výdaje";"Neinvestiční transfery veřejnoprávním subjektům amezi peněžními fondy téhož subjektu";"Ostatní neinvestiční transfery jiným veřejným rozpočtům";"1.1.1900";"1.1.9999"
"5369";"Ostatní neinvestiční transfery jiným veřejným rozpočtům";"Výdaje";"Běžné výdaje";"Neinvestiční transfery veřejnoprávním subjektům amezi peněžními fondy téhož subjektu";"Ostatní neinvestiční transfery jiným veřejným rozpočtům";"1.1.1900";"1.1.9999"
"5410";"Sociální dávky";"Výdaje";"Běžné výdaje";"Neinvestiční transfery obyvatelstvu";"Sociální dávky";"1.1.1900";"1.1.9999"
"5421";"Náhrady z úrazového pojištění";"Výdaje";"Běžné výdaje";"Neinvestiční transfery obyvatelstvu";"Náhrady placené obyvatelstvu";"1.1.1900";"1.1.9999"
"5422";"Náhrady povahy rehabilitací";"Výdaje";"Běžné výdaje";"Neinvestiční transfery obyvatelstvu";"Náhrady placené obyvatelstvu";"1.1.1900";"1.1.9999"
"5423";"Náhrady mezd podle zákona č. 118/2000 Sb.";"Výdaje";"Běžné výdaje";"Neinvestiční transfery obyvatelstvu";"Náhrady placené obyvatelstvu";"1.1.1900";"1.1.9999"
"5424";"Náhrady mezd v době nemoci";"Výdaje";"Běžné výdaje";"Neinvestiční transfery obyvatelstvu";"Náhrady placené obyvatelstvu";"1.1.1900";"1.1.9999"
"5425";"Příspěvek na náklady pohřbu dárce orgánu a náhrada poskytovaná žijícímu dárci";"Výdaje";"Běžné výdaje";"Neinvestiční transfery obyvatelstvu";"Náhrady placené obyvatelstvu";"1.1.2014";"1.1.9999"
"5429";"Ostatní náhrady placené obyvatelstvu";"Výdaje";"Běžné výdaje";"Neinvestiční transfery obyvatelstvu";"Náhrady placené obyvatelstvu";"1.1.1900";"1.1.9999"
"5491";"Stipendia žákům, studentům a doktorandům";"Výdaje";"Běžné výdaje";"Neinvestiční transfery obyvatelstvu";"Ostatní neinvestiční transfery obyvatelstvu";"1.1.1900";"1.1.9999"
"5492";"Dary obyvatelstvu";"Výdaje";"Běžné výdaje";"Neinvestiční transfery obyvatelstvu";"Ostatní neinvestiční transfery obyvatelstvu";"1.1.1900";"1.1.9999"
"5493";"Účelové neinvestiční transfery fyzickým osobám";"Výdaje";"Běžné výdaje";"Neinvestiční transfery obyvatelstvu";"Ostatní neinvestiční transfery obyvatelstvu";"1.1.2014";"1.1.9999"
"5494";"Neinvestiční transfery obyvatelstvu nemající charakter daru";"Výdaje";"Běžné výdaje";"Neinvestiční transfery obyvatelstvu";"Ostatní neinvestiční transfery obyvatelstvu";"1.1.1900";"1.1.9999"
"5499";"Ostatní neinvestiční transfery obyvatelstvu";"Výdaje";"Běžné výdaje";"Neinvestiční transfery obyvatelstvu";"Ostatní neinvestiční transfery obyvatelstvu";"1.1.1900";"1.1.9999"
"5511";"Neinvestiční transfery mezinárodním organizacím";"Výdaje";"Běžné výdaje";"Neinvestiční transfery do zahraničí";"Neinvestiční transfery mezinárodním organizacím anadnárodním orgánům";"1.1.1900";"1.1.9999"
"5512";"Neinvestiční transfery nadnárodním orgánům";"Výdaje";"Běžné výdaje";"Neinvestiční transfery do zahraničí";"Neinvestiční transfery mezinárodním organizacím anadnárodním orgánům";"1.1.1900";"1.1.9999"
"5513";"Vratky neoprávněně použitých nebo zadržených prostředků Evropské unii";"Výdaje";"Běžné výdaje";"Neinvestiční transfery do zahraničí";"Neinvestiční transfery mezinárodním organizacím anadnárodním orgánům";"1.1.2016";"1.1.9999"
"5514";"Odvody vlastních zdrojů Evropské unie do rozpočtu Evropské unie podle daně z přidané hodnoty";"Výdaje";"Běžné výdaje";"Neinvestiční transfery do zahraničí";"Neinvestiční transfery mezinárodním organizacím anadnárodním orgánům";"1.1.2016";"1.1.9999"
"5515";"Odvody vlastních zdrojů Evropské unie do rozpočtu Evropské unie podle hrubého národního důchodu";"Výdaje";"Běžné výdaje";"Neinvestiční transfery do zahraničí";"Neinvestiční transfery mezinárodním organizacím anadnárodním orgánům";"1.1.2016";"1.1.9999"
"5520";"Neinvestiční transfery cizím státům";"Výdaje";"Běžné výdaje";"Neinvestiční transfery do zahraničí";"Neinvestiční transfery cizím státům";"1.1.1900";"1.1.9999"
"5531";"Peněžní dary do zahraničí";"Výdaje";"Běžné výdaje";"Neinvestiční transfery do zahraničí";"Ostatní neinvestiční transfery do zahraničí";"1.1.1900";"1.1.9999"
"5532";"Ostatní neinvestiční transfery do zahraničí";"Výdaje";"Běžné výdaje";"Neinvestiční transfery do zahraničí";"Ostatní neinvestiční transfery do zahraničí";"1.1.1900";"1.1.9999"
"5611";"Neinvestiční půjčené prostředky finančním institucím";"Výdaje";"Běžné výdaje";"Neinvestiční půjčené prostředky";"Neinvestiční půjčené prostředky podnikatelským subjektům";"1.1.1900";"1.1.9999"
"5612";"Neinvestiční půjčené prostředky nefinančním podnikatelským subjektům-fyzickým osobám";"Výdaje";"Běžné výdaje";"Neinvestiční půjčené prostředky";"Neinvestiční půjčené prostředky podnikatelským subjektům";"1.1.1900";"1.1.9999"
"5613";"Neinvestiční půjčené prostředky nefinančním podnikatelským subjektům-právnickým osobám";"Výdaje";"Běžné výdaje";"Neinvestiční půjčené prostředky";"Neinvestiční půjčené prostředky podnikatelským subjektům";"1.1.1900";"1.1.9999"
"5614";"Neinvestiční půjčené prostředky finančním a podobným institucím ve vlastnictví státu";"Výdaje";"Běžné výdaje";"Neinvestiční půjčené prostředky";"Neinvestiční půjčené prostředky podnikatelským subjektům";"1.1.1900";"1.1.9999"
"5615";"Neinvestiční půjčené prostředky vybraným podnikatelským subjektům ve vlastnictví státu";"Výdaje";"Běžné výdaje";"Neinvestiční půjčené prostředky";"Neinvestiční půjčené prostředky podnikatelským subjektům";"1.1.1900";"1.1.9999"
"5619";"Ostatní neinvestiční půjčené prostředky podnikatelským subjektům";"Výdaje";"Běžné výdaje";"Neinvestiční půjčené prostředky";"Neinvestiční půjčené prostředky podnikatelským subjektům";"1.1.1900";"1.1.9999"
"5621";"Neinvestiční půjčené prostředky obecně prospěšným společnostem";"Výdaje";"Běžné výdaje";"Neinvestiční půjčené prostředky";"Neinvestiční půjčené prostředky neziskovým a podobným organizacím";"1.1.1900";"1.1.9999"
"5622";"Neinvestiční půjčené prostředky spolkům";"Výdaje";"Běžné výdaje";"Neinvestiční půjčené prostředky";"Neinvestiční půjčené prostředky neziskovým a podobným organizacím";"1.1.2014";"1.1.9999"
"5623";"Neinvestiční půjčené prostředky církvím a náboženským společnostem";"Výdaje";"Běžné výdaje";"Neinvestiční půjčené prostředky";"Neinvestiční půjčené prostředky neziskovým a podobným organizacím";"1.1.1900";"1.1.9999"
"5624";"Neinvestiční půjčené prostředky společenstvím vlastníků jednotek";"Výdaje";"Běžné výdaje";"Neinvestiční půjčené prostředky";"Neinvestiční půjčené prostředky neziskovým a podobným organizacím";"1.1.1900";"1.1.9999"
"5629";"Ostatní neinvestiční půjčené prostředky neziskovým a podobným organizacím";"Výdaje";"Běžné výdaje";"Neinvestiční půjčené prostředky";"Neinvestiční půjčené prostředky neziskovým a podobným organizacím";"1.1.1900";"1.1.9999"
"5631";"Neinvestiční půjčené prostředky státnímu rozpočtu";"Výdaje";"Běžné výdaje";"Neinvestiční půjčené prostředky";"Neinvestiční půjčené prostředky veřejným rozpočtům ústřední úrovně";"1.1.1900";"1.1.9999"
"5632";"Neinvestiční půjčené prostředky státním fondům";"Výdaje";"Běžné výdaje";"Neinvestiční půjčené prostředky";"Neinvestiční půjčené prostředky veřejným rozpočtům ústřední úrovně";"1.1.1900";"1.1.9999"
"5633";"Neinvestiční půjčené prostředky zvláštním fondům ústřední úrovně";"Výdaje";"Běžné výdaje";"Neinvestiční půjčené prostředky";"Neinvestiční půjčené prostředky veřejným rozpočtům ústřední úrovně";"1.1.1900";"1.1.9999"
"5634";"Neinvestiční půjčené prostředky fondům sociálního a zdravotního pojištění";"Výdaje";"Běžné výdaje";"Neinvestiční půjčené prostředky";"Neinvestiční půjčené prostředky veřejným rozpočtům ústřední úrovně";"1.1.1900";"1.1.9999"
"5639";"Ostatní neinvestiční půjčené prostředky jiným veřejným rozpočtům";"Výdaje";"Běžné výdaje";"Neinvestiční půjčené prostředky";"Neinvestiční půjčené prostředky veřejným rozpočtům ústřední úrovně";"1.1.1900";"1.1.9999"
"5641";"Neinvestiční půjčené prostředky obcím";"Výdaje";"Běžné výdaje";"Neinvestiční půjčené prostředky";"Neinvestiční půjčené prostředky veřejným rozpočtům územní úrovně";"1.1.1900";"1.1.9999"
"5642";"Neinvestiční půjčené prostředky krajům";"Výdaje";"Běžné výdaje";"Neinvestiční půjčené prostředky";"Neinvestiční půjčené prostředky veřejným rozpočtům územní úrovně";"1.1.1900";"1.1.9999"
"5643";"Neinvestiční půjčené prostředky regionálním radám";"Výdaje";"Běžné výdaje";"Neinvestiční půjčené prostředky";"Neinvestiční půjčené prostředky veřejným rozpočtům územní úrovně";"1.1.1900";"1.1.9999"
"5649";"Ostatní neinvestiční půjčené prostředky veřejným rozpočtům územní úrovně";"Výdaje";"Běžné výdaje";"Neinvestiční půjčené prostředky";"Neinvestiční půjčené prostředky veřejným rozpočtům územní úrovně";"1.1.1900";"1.1.9999"
"5651";"Neinvestiční půjčené prostředky zřízeným příspěvkovým organizacím";"Výdaje";"Běžné výdaje";"Neinvestiční půjčené prostředky";"Neinvestiční půjčené prostředky příspěvkovým a podobným organizacím";"1.1.1900";"1.1.9999"
"5652";"Neinvestiční půjčené prostředky vysokým školám";"Výdaje";"Běžné výdaje";"Neinvestiční půjčené prostředky";"Neinvestiční půjčené prostředky příspěvkovým a podobným organizacím";"1.1.1900";"1.1.9999"
"5659";"Neinvestiční půjčené prostředky ostatním příspěvkovým organizacím";"Výdaje";"Běžné výdaje";"Neinvestiční půjčené prostředky";"Neinvestiční půjčené prostředky příspěvkovým a podobným organizacím";"1.1.1900";"1.1.9999"
"5660";"Neinvestiční půjčené prostředky obyvatelstvu";"Výdaje";"Běžné výdaje";"Neinvestiční půjčené prostředky";"Neinvestiční půjčené prostředky obyvatelstvu";"1.1.1900";"1.1.9999"
"5670";"Neinvestiční půjčené prostředky do zahraničí";"Výdaje";"Běžné výdaje";"Neinvestiční půjčené prostředky";"Neinvestiční půjčené prostředky do zahraničí";"1.1.1900";"1.1.9999"
"5710";"Převody Národnímu fondu na spolufinancování programu Phare";"Výdaje";"Běžné výdaje";"Neinvestiční převody Národnímu fondu";"Převody Národnímu fondu na spolufinancování programu Phare";"1.1.1900";"1.1.9999"
"5720";"Převody Národnímu fondu na spolufinancování programu Ispa";"Výdaje";"Běžné výdaje";"Neinvestiční převody Národnímu fondu";"Převody Národnímu fondu na spolufinancování programu Ispa";"1.1.1900";"1.1.9999"
"5730";"Převody Národnímu fondu na spolufinancování programu Sapard";"Výdaje";"Běžné výdaje";"Neinvestiční převody Národnímu fondu";"Převody Národnímu fondu na spolufinancování programu Sapard";"1.1.1900";"1.1.9999"
"5740";"Převody Národnímu fondu na spolufinancování komunitárních programů";"Výdaje";"Běžné výdaje";"Neinvestiční převody Národnímu fondu";"Převody Národnímu fondu na spolufinancování komunitárních programů";"1.1.1900";"1.1.9999"
"5750";"Převody Národnímu fondu na spolufinancování ostatních programů Evropské unie a ČR";"Výdaje";"Běžné výdaje";"Neinvestiční převody Národnímu fondu";"Převody Národnímu fondu na spolufinancování ostatních programů Evropské unie a ČR";"1.1.2016";"1.1.9999"
"5760";"Převody Národnímu fondu na spolufinancování související s poskytnutím pomoci ČR ze zahraničí";"Výdaje";"Běžné výdaje";"Neinvestiční převody Národnímu fondu";"Převody Národnímu fondu na spolufinancování související s poskytnutím pomoci ČR ze zahraničí";"1.1.1900";"1.1.9999"
"5770";"Převody ze státního rozpočtu do Národního fondu na vyrovnání kursových rozdílů";"Výdaje";"Běžné výdaje";"Neinvestiční převody Národnímu fondu";"Převody ze státního rozpočtu do Národního fondu na vyrovnání kursových rozdílů";"1.1.1900";"1.1.9999"
"5790";"Ostatní převody do Národního fondu";"Výdaje";"Běžné výdaje";"Neinvestiční převody Národnímu fondu";"Ostatní převody do Národního fondu";"1.1.1900";"1.1.9999"
"5901";"Nespecifikované rezervy";"Výdaje";"Běžné výdaje";"Ostatní neinvestiční výdaje";"Ostatní neinvestiční výdaje";"1.1.1900";"1.1.9999"
"5902";"Ostatní výdaje z finančního vypořádání minulých let";"Výdaje";"Běžné výdaje";"Ostatní neinvestiční výdaje";"Ostatní neinvestiční výdaje";"1.1.1900";"1.1.9999"
"5909";"Ostatní neinvestiční výdaje jinde nezařazené";"Výdaje";"Běžné výdaje";"Ostatní neinvestiční výdaje";"Ostatní neinvestiční výdaje";"1.1.1900";"1.1.9999"
"5991";"Dočasné zatřídění výdajů";"Výdaje";"Běžné výdaje";"Ostatní neinvestiční výdaje";"Dočasné zatřídění výdajů";"1.1.2013";"1.1.9999"
"6111";"Programové vybavení";"Výdaje";"Kapitálové výdaje";"Investiční nákupy a související výdaje";"Pořízení dlouhodobého nehmotného majetku";"1.1.1900";"1.1.9999"
"6112";"Ocenitelná práva";"Výdaje";"Kapitálové výdaje";"Investiční nákupy a související výdaje";"Pořízení dlouhodobého nehmotného majetku";"1.1.1900";"1.1.9999"
"6113";"Nehmotné výsledky výzkumné a obdobné činnosti";"Výdaje";"Kapitálové výdaje";"Investiční nákupy a související výdaje";"Pořízení dlouhodobého nehmotného majetku";"1.1.1900";"1.1.9999"
"6119";"Ostatní nákup dlouhodobého nehmotného majetku";"Výdaje";"Kapitálové výdaje";"Investiční nákupy a související výdaje";"Pořízení dlouhodobého nehmotného majetku";"1.1.1900";"1.1.9999"
"6121";"Budovy, haly a stavby";"Výdaje";"Kapitálové výdaje";"Investiční nákupy a související výdaje";"Pořízení dlouhodobého hmotného majetku";"1.1.1900";"1.1.9999"
"6122";"Stroje, přístroje a zařízení";"Výdaje";"Kapitálové výdaje";"Investiční nákupy a související výdaje";"Pořízení dlouhodobého hmotného majetku";"1.1.1900";"1.1.9999"
"6123";"Dopravní prostředky";"Výdaje";"Kapitálové výdaje";"Investiční nákupy a související výdaje";"Pořízení dlouhodobého hmotného majetku";"1.1.1900";"1.1.9999"
"6124";"Pěstitelské celky trvalých porostů";"Výdaje";"Kapitálové výdaje";"Investiční nákupy a související výdaje";"Pořízení dlouhodobého hmotného majetku";"1.1.1900";"1.1.9999"
"6125";"Výpočetní technika";"Výdaje";"Kapitálové výdaje";"Investiční nákupy a související výdaje";"Pořízení dlouhodobého hmotného majetku";"1.1.1900";"1.1.9999"
"6127";"Umělecká díla a předměty";"Výdaje";"Kapitálové výdaje";"Investiční nákupy a související výdaje";"Pořízení dlouhodobého hmotného majetku";"1.1.1900";"1.1.9999"
"6129";"Nákup dlouhodobého hmotného majetku jinde nezařazený";"Výdaje";"Kapitálové výdaje";"Investiční nákupy a související výdaje";"Pořízení dlouhodobého hmotného majetku";"1.1.1900";"1.1.9999"
"6130";"Pozemky";"Výdaje";"Kapitálové výdaje";"Investiční nákupy a související výdaje";"Pozemky";"1.1.1900";"1.1.9999"
"6201";"Nákup akcií";"Výdaje";"Kapitálové výdaje";"Nákup akcií a majetkových podílů";"Nákup akcií a majetkových podílů";"1.1.1900";"1.1.9999"
"6202";"Nákup majetkových podílů";"Výdaje";"Kapitálové výdaje";"Nákup akcií a majetkových podílů";"Nákup akcií a majetkových podílů";"1.1.1900";"1.1.9999"
"6209";"Nákup ostatních majetkových nároků";"Výdaje";"Kapitálové výdaje";"Nákup akcií a majetkových podílů";"Nákup akcií a majetkových podílů";"1.1.1900";"1.1.9999"
"6311";"Investiční transfery finančním institucím";"Výdaje";"Kapitálové výdaje";"Investiční transfery";"Investiční transfery podnikatelským subjektům";"1.1.1900";"1.1.9999"
"6312";"Investiční transfery nefinančním podnikatelským subjektům-fyzickým osobám";"Výdaje";"Kapitálové výdaje";"Investiční transfery";"Investiční transfery podnikatelským subjektům";"1.1.1900";"1.1.9999"
"6313";"Investiční transfery nefinančním podnikatelským subjektům-právnickým osobám";"Výdaje";"Kapitálové výdaje";"Investiční transfery";"Investiční transfery podnikatelským subjektům";"1.1.1900";"1.1.9999"
"6314";"Investiční transfery finančním a podobným institucím ve vlastnictví státu";"Výdaje";"Kapitálové výdaje";"Investiční transfery";"Investiční transfery podnikatelským subjektům";"1.1.1900";"1.1.9999"
"6315";"Investiční transfery vybraným podnikatelským subjektům ve vlastnictví státu";"Výdaje";"Kapitálové výdaje";"Investiční transfery";"Investiční transfery podnikatelským subjektům";"1.1.1900";"1.1.9999"
"6319";"Ostatní investiční transfery podnikatelským subjektům";"Výdaje";"Kapitálové výdaje";"Investiční transfery";"Investiční transfery podnikatelským subjektům";"1.1.1900";"1.1.9999"
"6321";"Investiční transfery obecně prospěšným společnostem";"Výdaje";"Kapitálové výdaje";"Investiční transfery";"Investiční transfery neziskovým a podobným organizacím";"1.1.1900";"1.1.9999"
"6322";"Investiční transfery spolkům";"Výdaje";"Kapitálové výdaje";"Investiční transfery";"Investiční transfery neziskovým a podobným organizacím";"1.1.2014";"1.1.9999"
"6323";"Investiční transfery církvím a náboženským společnostem";"Výdaje";"Kapitálové výdaje";"Investiční transfery";"Investiční transfery neziskovým a podobným organizacím";"1.1.1900";"1.1.9999"
"6324";"Investiční transfery společenstvím vlastníků jednotek";"Výdaje";"Kapitálové výdaje";"Investiční transfery";"Investiční transfery neziskovým a podobným organizacím";"1.1.1900";"1.1.9999"
"6329";"Ostatní investiční transfery neziskovým a podobným organizacím";"Výdaje";"Kapitálové výdaje";"Investiční transfery";"Investiční transfery neziskovým a podobným organizacím";"1.1.1900";"1.1.9999"
"6331";"Investiční transfery státnímu rozpočtu";"Výdaje";"Kapitálové výdaje";"Investiční transfery";"Investiční transfery veřejným rozpočtům ústřední úrovně";"1.1.1900";"1.1.9999"
"6332";"Investiční transfery státním fondům";"Výdaje";"Kapitálové výdaje";"Investiční transfery";"Investiční transfery veřejným rozpočtům ústřední úrovně";"1.1.1900";"1.1.9999"
"6333";"Investiční transfery zvláštním fondům ústřední úrovně";"Výdaje";"Kapitálové výdaje";"Investiční transfery";"Investiční transfery veřejným rozpočtům ústřední úrovně";"1.1.1900";"1.1.9999"
"6334";"Investiční transfery fondům sociálního a zdravotního pojištění";"Výdaje";"Kapitálové výdaje";"Investiční transfery";"Investiční transfery veřejným rozpočtům ústřední úrovně";"1.1.1900";"1.1.9999"
"6335";"Investiční transfery státním finančním aktivům";"Výdaje";"Kapitálové výdaje";"Investiční transfery";"Investiční transfery veřejným rozpočtům ústřední úrovně";"1.1.1900";"1.1.9999"
"6339";"Ostatní investiční transfery jiným veřejným rozpočtům";"Výdaje";"Kapitálové výdaje";"Investiční transfery";"Investiční transfery veřejným rozpočtům ústřední úrovně";"1.1.1900";"1.1.9999"
"6341";"Investiční transfery obcím";"Výdaje";"Kapitálové výdaje";"Investiční transfery";"Investiční transfery veřejným rozpočtům územní úrovně";"1.1.1900";"1.1.9999"
"6342";"Investiční transfery krajům";"Výdaje";"Kapitálové výdaje";"Investiční transfery";"Investiční transfery veřejným rozpočtům územní úrovně";"1.1.1900";"1.1.9999"
"6343";"Investiční transfery obcím v rámci souhrnného dotačního vztahu";"Výdaje";"Kapitálové výdaje";"Investiční transfery";"Investiční transfery veřejným rozpočtům územní úrovně";"1.1.1900";"1.1.9999"
"6344";"Investiční transfery krajům v rámci souhrnného dotačního vztahu";"Výdaje";"Kapitálové výdaje";"Investiční transfery";"Investiční transfery veřejným rozpočtům územní úrovně";"1.1.1900";"1.1.9999"
"6345";"Investiční transfery regionálním radám";"Výdaje";"Kapitálové výdaje";"Investiční transfery";"Investiční transfery veřejným rozpočtům územní úrovně";"1.1.1900";"1.1.9999"
"6349";"Ostatní investiční transfery veřejným rozpočtům územní úrovně";"Výdaje";"Kapitálové výdaje";"Investiční transfery";"Investiční transfery veřejným rozpočtům územní úrovně";"1.1.1900";"1.1.9999"
"6351";"Investiční transfery zřízeným příspěvkovým organizacím";"Výdaje";"Kapitálové výdaje";"Investiční transfery";"Investiční transfery příspěvkovým a podobným organizacím";"1.1.1900";"1.1.9999"
"6352";"Investiční transfery vysokým školám";"Výdaje";"Kapitálové výdaje";"Investiční transfery";"Investiční transfery příspěvkovým a podobným organizacím";"1.1.1900";"1.1.9999"
"6353";"Investiční transfery školským právnickým osobám zřízeným státem, kraji a obcemi";"Výdaje";"Kapitálové výdaje";"Investiční transfery";"Investiční transfery příspěvkovým a podobným organizacím";"1.1.1900";"1.1.9999"
"6354";"Investiční transfery veřejným výzkumným institucím";"Výdaje";"Kapitálové výdaje";"Investiční transfery";"Investiční transfery příspěvkovým a podobným organizacím";"1.1.1900";"1.1.9999"
"6356";"Jiné investiční transfery zřízeným příspěvkovým organizacím";"Výdaje";"Kapitálové výdaje";"Investiční transfery";"Investiční transfery příspěvkovým a podobným organizacím";"1.1.2012";"1.1.9999"
"6359";"Investiční transfery ostatním příspěvkovým organizacím";"Výdaje";"Kapitálové výdaje";"Investiční transfery";"Investiční transfery příspěvkovým a podobným organizacím";"1.1.1900";"1.1.9999"
"6361";"Investiční převody do rezervního fondu organizačních složek státu";"Výdaje";"Kapitálové výdaje";"Investiční transfery";"Investiční převody vlastním fondům";"1.1.1900";"1.1.9999"
"6371";"Účelové investiční transfery nepodnikajícím fyzickým osobám";"Výdaje";"Kapitálové výdaje";"Investiční transfery";"Investiční transfery obyvatelstvu";"1.1.1900";"1.1.9999"
"6379";"Ostatní investiční transfery obyvatelstvu";"Výdaje";"Kapitálové výdaje";"Investiční transfery";"Investiční transfery obyvatelstvu";"1.1.1900";"1.1.9999"
"6380";"Investiční transfery do zahraničí";"Výdaje";"Kapitálové výdaje";"Investiční transfery";"Investiční transfery do zahraničí";"1.1.1900";"1.1.9999"
"6411";"Investiční půjčené prostředky finančním institucím";"Výdaje";"Kapitálové výdaje";"Investiční půjčené prostředky";"Investiční půjčené prostředky podnikatelským subjektům";"1.1.1900";"1.1.9999"
"6412";"Investiční půjčené prostředky nefinančním podnikatelským subjektům-fyzickým osobám";"Výdaje";"Kapitálové výdaje";"Investiční půjčené prostředky";"Investiční půjčené prostředky podnikatelským subjektům";"1.1.1900";"1.1.9999"
"6412";"Investiční půjčené prostředky nefinančním podnikatelským subjektům-fyzickým osobám";"Výdaje";"Kapitálové výdaje";"Investiční půjčené prostředky";"Investiční půjčené prostředky podnikatelským subjektům";"1.1.1900";"1.1.9999"
"6413";"Investiční půjčené prostředky nefinančním podnikatelským subjektům-právnickým osobám";"Výdaje";"Kapitálové výdaje";"Investiční půjčené prostředky";"Investiční půjčené prostředky podnikatelským subjektům";"1.1.1900";"1.1.9999"
"6414";"Investiční půjčené prostředky finančním a podobným institucím ve vlastnictví státu";"Výdaje";"Kapitálové výdaje";"Investiční půjčené prostředky";"Investiční půjčené prostředky podnikatelským subjektům";"1.1.1900";"1.1.9999"
"6415";"Investiční půjčené prostředky vybraným podnikatelským subjektům ve vlastnictví státu";"Výdaje";"Kapitálové výdaje";"Investiční půjčené prostředky";"Investiční půjčené prostředky podnikatelským subjektům";"1.1.1900";"1.1.9999"
"6419";"Ostatní investiční půjčené prostředky podnikatelským subjektům";"Výdaje";"Kapitálové výdaje";"Investiční půjčené prostředky";"Investiční půjčené prostředky podnikatelským subjektům";"1.1.1900";"1.1.9999"
"6421";"Investiční půjčené prostředky obecně prospěšným společnostem";"Výdaje";"Kapitálové výdaje";"Investiční půjčené prostředky";"Investiční půjčené prostředky neziskovým a podobným organizacím";"1.1.1900";"1.1.9999"
"6422";"Investiční půjčené prostředky občanským sdružením";"Výdaje";"Kapitálové výdaje";"Investiční půjčené prostředky";"Investiční půjčené prostředky neziskovým a podobným organizacím";"1.1.1900";"1.1.9999"
"6423";"Investiční půjčené prostředky církvím a náboženským společnostem";"Výdaje";"Kapitálové výdaje";"Investiční půjčené prostředky";"Investiční půjčené prostředky neziskovým a podobným organizacím";"1.1.1900";"1.1.9999"
"6424";"Investiční půjčené prostředky společenstvím vlastníků jednotek";"Výdaje";"Kapitálové výdaje";"Investiční půjčené prostředky";"Investiční půjčené prostředky neziskovým a podobným organizacím";"1.1.1900";"1.1.9999"
"6429";"Ostatní investiční půjčené prostředky neziskovým a podobným organizacím";"Výdaje";"Kapitálové výdaje";"Investiční půjčené prostředky";"Investiční půjčené prostředky neziskovým a podobným organizacím";"1.1.1900";"1.1.9999"
"6431";"Investiční půjčené prostředky státnímu rozpočtu";"Výdaje";"Kapitálové výdaje";"Investiční půjčené prostředky";"Investiční půjčené prostředky veřejným rozpočtům ústřední úrovně";"1.1.1900";"1.1.9999"
"6432";"Investiční půjčené prostředky státním fondům";"Výdaje";"Kapitálové výdaje";"Investiční půjčené prostředky";"Investiční půjčené prostředky veřejným rozpočtům ústřední úrovně";"1.1.1900";"1.1.9999"
"6433";"Investiční půjčené prostředky zvláštním fondům ústřední úrovně";"Výdaje";"Kapitálové výdaje";"Investiční půjčené prostředky";"Investiční půjčené prostředky veřejným rozpočtům ústřední úrovně";"1.1.1900";"1.1.9999"
"6434";"Investiční půjčené prostředky fondům sociálního a zdravotního pojištění";"Výdaje";"Kapitálové výdaje";"Investiční půjčené prostředky";"Investiční půjčené prostředky veřejným rozpočtům ústřední úrovně";"1.1.1900";"1.1.9999"
"6439";"Ostatní investiční půjčené prostředky jiným veřejným rozpočtům";"Výdaje";"Kapitálové výdaje";"Investiční půjčené prostředky";"Investiční půjčené prostředky veřejným rozpočtům ústřední úrovně";"1.1.1900";"1.1.9999"
"6441";"Investiční půjčené prostředky obcím";"Výdaje";"Kapitálové výdaje";"Investiční půjčené prostředky";"Investiční půjčené prostředky veřejným rozpočtům územní úrovně";"1.1.1900";"1.1.9999"
"6442";"Investiční půjčené prostředky krajům";"Výdaje";"Kapitálové výdaje";"Investiční půjčené prostředky";"Investiční půjčené prostředky veřejným rozpočtům územní úrovně";"1.1.1900";"1.1.9999"
"6443";"Investiční půjčené prostředky regionálním radám";"Výdaje";"Kapitálové výdaje";"Investiční půjčené prostředky";"Investiční půjčené prostředky veřejným rozpočtům územní úrovně";"1.1.1900";"1.1.9999"
"6449";"Ostatní investiční půjčené prostředky veřejným rozpočtům místní úrovně";"Výdaje";"Kapitálové výdaje";"Investiční půjčené prostředky";"Investiční půjčené prostředky veřejným rozpočtům územní úrovně";"1.1.1900";"1.1.9999"
"6451";"Investiční půjčené prostředky zřízeným příspěvkovým organizacím";"Výdaje";"Kapitálové výdaje";"Investiční půjčené prostředky";"Investiční půjčené prostředky příspěvkovým a podobným organizacím";"1.1.1900";"1.1.9999"
"6452";"Investiční půjčené prostředky vysokým školám";"Výdaje";"Kapitálové výdaje";"Investiční půjčené prostředky";"Investiční půjčené prostředky příspěvkovým a podobným organizacím";"1.1.1900";"1.1.9999"
"6459";"Investiční půjčené prostředky ostatním příspěvkovým organizacím";"Výdaje";"Kapitálové výdaje";"Investiční půjčené prostředky";"Investiční půjčené prostředky příspěvkovým a podobným organizacím";"1.1.1900";"1.1.9999"
"6460";"Investiční půjčené prostředky obyvatelstvu";"Výdaje";"Kapitálové výdaje";"Investiční půjčené prostředky";"Investiční půjčené prostředky obyvatelstvu";"1.1.1900";"1.1.9999"
"6470";"Investiční půjčené prostředky do zahraničí";"Výdaje";"Kapitálové výdaje";"Investiční půjčené prostředky";"Investiční půjčené prostředky do zahraničí";"1.1.1900";"1.1.9999"
"6710";"Investiční převody Národnímu fondu na spolufinancování programu Phare";"Výdaje";"Kapitálové výdaje";"Investiční převody Národnímu fondu";"Investiční převody Národnímu fondu na spolufinancování programu Phare";"1.1.1900";"1.1.9999"
"6720";"Investiční převody Národnímu fondu na spolufinancování programu Ispa";"Výdaje";"Kapitálové výdaje";"Investiční převody Národnímu fondu";"Investiční převody Národnímu fondu na spolufinancování programu Ispa";"1.1.1900";"1.1.9999"
"6730";"Investiční převody Národnímu fondu na spolufinancování programu Sapard";"Výdaje";"Kapitálové výdaje";"Investiční převody Národnímu fondu";"Investiční převody Národnímu fondu na spolufinancování programu Sapard";"1.1.1900";"1.1.9999"
"6740";"Investiční převody Národnímu fondu na spolufinancování komunitárních programů";"Výdaje";"Kapitálové výdaje";"Investiční převody Národnímu fondu";"Investiční převody Národnímu fondu na spolufinancování komunitárních programů";"1.1.1900";"1.1.9999"
"6750";"Investiční převody Národnímu fondu na spolufinancování ostatních programů Evropské unie a ČR";"Výdaje";"Kapitálové výdaje";"Investiční převody Národnímu fondu";"Investiční převody Národnímu fondu na spolufinancování ostatních programů Evropské unie a ČR";"1.1.2016";"1.1.9999"
"6760";"Investiční převody Národnímu fondu na spolufinancování související s poskytnutím pomoci ČR ze zahraničí";"Výdaje";"Kapitálové výdaje";"Investiční převody Národnímu fondu";"Investiční převody Národnímu fondu na spolufinancování související s poskytnutím pomoci ČR ze zahraničí";"1.1.1900";"1.1.9999"
"6790";"Ostatní investiční převody do Národního fondu";"Výdaje";"Kapitálové výdaje";"Investiční převody Národnímu fondu";"Ostatní investiční převody do Národního fondu";"1.1.1900";"1.1.9999"
"6901";"Rezervy kapitálových výdajů";"Výdaje";"Kapitálové výdaje";"Ostatní kapitálové výdaje";"Ostatní kapitálové výdaje";"1.1.1900";"1.1.9999"
"6909";"Ostatní kapitálové výdaje jinde nezařazené";"Výdaje";"Kapitálové výdaje";"Ostatní kapitálové výdaje";"Ostatní kapitálové výdaje";"1.1.1900";"1.1.9999"
"";"Převody do vlastní pokladny";"Výdaje";"Běžné výdaje";"Neinvestiční transfery veřejnoprávním subjektům amezi peněžními fondy téhož subjektu";"Převody vlastním fondům a ve vztahu k útvarům bez plné právní subjektivity";"1.10.2014";"1.1.9999"