"Paragraf ";"Název ";"Skupina ";"Oddíl ";"Podddíl ";"Od ";"Do "
"0000";"Pro příjmy (technický záznam)";"Příjmy";"Příjmy";"Příjmy";"1.1.1900";"31.12.9999"
"1011";"Udržování výrobního potenciálu zemědělství, zemědělský půdní fond a mimoprodukční funkce zemědělství";"Zemědělství, lesní hospodářství a rybářství";"Zemědělství, lesní hospodářství a rybářství";"Zemědělská a potravinářská činnost a rozvoj";"1.1.1900";"31.12.9999"
"1012";"Podnikání a restrukturalizace v zemědělství a potravinářství";"Zemědělství, lesní hospodářství a rybářství";"Zemědělství, lesní hospodářství a rybářství";"Zemědělská a potravinářská činnost a rozvoj";"1.1.1900";"31.12.9999"
"1013";"Genetický potenciál hospodářských zvířat, osiv a sádí";"Zemědělství, lesní hospodářství a rybářství";"Zemědělství, lesní hospodářství a rybářství";"Zemědělská a potravinářská činnost a rozvoj";"1.1.1900";"31.12.9999"
"1014";"Ozdravování hospodářských zvířat, polních a speciálních plodin a zvláštní veterinární péče";"Zemědělství, lesní hospodářství a rybářství";"Zemědělství, lesní hospodářství a rybářství";"Zemědělská a potravinářská činnost a rozvoj";"1.1.1900";"31.12.9999"
"1019";"Ostatní zemědělská a potravinářská činnost a rozvoj";"Zemědělství, lesní hospodářství a rybářství";"Zemědělství, lesní hospodářství a rybářství";"Zemědělská a potravinářská činnost a rozvoj";"1.1.1900";"31.12.9999"
"1021";"Organizace trhu s produkty rostlinné výroby";"Zemědělství, lesní hospodářství a rybářství";"Zemědělství, lesní hospodářství a rybářství";"Regulace zemědělské produkce, organizace trhu a poskytování podpor";"1.1.1900";"31.12.9999"
"1022";"Organizace trhu s výrobky vzniklými zpracováním produktů rostlinné výroby";"Zemědělství, lesní hospodářství a rybářství";"Zemědělství, lesní hospodářství a rybářství";"Regulace zemědělské produkce, organizace trhu a poskytování podpor";"1.1.1900";"31.12.9999"
"1023";"Organizace trhu s produkty živočišné výroby";"Zemědělství, lesní hospodářství a rybářství";"Zemědělství, lesní hospodářství a rybářství";"Regulace zemědělské produkce, organizace trhu a poskytování podpor";"1.1.1900";"31.12.9999"
"1024";"Organizace trhu s výrobky vzniklými zpracováním produktů živočišné výroby";"Zemědělství, lesní hospodářství a rybářství";"Zemědělství, lesní hospodářství a rybářství";"Regulace zemědělské produkce, organizace trhu a poskytování podpor";"1.1.1900";"31.12.9999"
"1029";"Ostatní záležitosti regulace zemědělské produkce, organizace zemědělského trhu a poskytování podpor";"Zemědělství, lesní hospodářství a rybářství";"Zemědělství, lesní hospodářství a rybářství";"Regulace zemědělské produkce, organizace trhu a poskytování podpor";"1.1.1900";"31.12.9999"
"1031";"Pěstební činnost";"Zemědělství, lesní hospodářství a rybářství";"Zemědělství, lesní hospodářství a rybářství";"Lesní hospodářství";"1.1.1900";"31.12.9999"
"1032";"Podpora ostatních produkčních činností";"Zemědělství, lesní hospodářství a rybářství";"Zemědělství, lesní hospodářství a rybářství";"Lesní hospodářství";"1.1.1900";"31.12.9999"
"1036";"Správa v lesním hospodářství";"Zemědělství, lesní hospodářství a rybářství";"Zemědělství, lesní hospodářství a rybářství";"Lesní hospodářství";"1.1.1900";"31.12.9999"
"1037";"Celospolečenské funkce lesů";"Zemědělství, lesní hospodářství a rybářství";"Zemědělství, lesní hospodářství a rybářství";"Lesní hospodářství";"1.1.1900";"31.12.9999"
"1039";"Ostatní záležitosti lesního hospodářství";"Zemědělství, lesní hospodářství a rybářství";"Zemědělství, lesní hospodářství a rybářství";"Lesní hospodářství";"1.1.1900";"31.12.9999"
"1061";"Činnost ústředního orgánu státní správy v zemědělství";"Zemědělství, lesní hospodářství a rybářství";"Zemědělství, lesní hospodářství a rybářství";"Správa v zemědělství";"1.1.1900";"31.12.9999"
"1062";"Činnost ostatních orgánů státní správy v zemědělství";"Zemědělství, lesní hospodářství a rybářství";"Zemědělství, lesní hospodářství a rybářství";"Správa v zemědělství";"1.1.1900";"31.12.9999"
"1063";"Správa zemědělského majetku";"Zemědělství, lesní hospodářství a rybářství";"Zemědělství, lesní hospodářství a rybářství";"Správa v zemědělství";"1.1.1900";"31.12.9999"
"1069";"Ostatní správa v zemědělství";"Zemědělství, lesní hospodářství a rybářství";"Zemědělství, lesní hospodářství a rybářství";"Správa v zemědělství";"1.1.1900";"31.12.9999"
"1070";"Rybářství";"Zemědělství, lesní hospodářství a rybářství";"Zemědělství, lesní hospodářství a rybářství";"Rybářství";"1.1.1900";"31.12.9999"
"1081";"Zemědělský výzkum a vývoj";"Zemědělství, lesní hospodářství a rybářství";"Zemědělství, lesní hospodářství a rybářství";"Zemědělský a lesnický výzkum a vývoj";"1.1.1900";"31.12.9999"
"1082";"Lesnický výzkum";"Zemědělství, lesní hospodářství a rybářství";"Zemědělství, lesní hospodářství a rybářství";"Zemědělský a lesnický výzkum a vývoj";"1.1.1900";"31.12.9999"
"1091";"Mezinárodní spolupráce v zemědělství";"Zemědělství, lesní hospodářství a rybářství";"Zemědělství, lesní hospodářství a rybářství";"Ostatní činnost a nespecifikované výdaje";"1.1.1900";"31.12.9999"
"1092";"Mezinárodní spolupráce v lesním hospodářství";"Zemědělství, lesní hospodářství a rybářství";"Zemědělství, lesní hospodářství a rybářství";"Ostatní činnost a nespecifikované výdaje";"1.1.1900";"31.12.9999"
"1098";"Ostatní výdaje na zemědělství";"Zemědělství, lesní hospodářství a rybářství";"Zemědělství, lesní hospodářství a rybářství";"Ostatní činnost a nespecifikované výdaje";"1.1.1900";"31.12.9999"
"1099";"Ostatní výdaje na lesní hospodářství";"Zemědělství, lesní hospodářství a rybářství";"Zemědělství, lesní hospodářství a rybářství";"Ostatní činnost a nespecifikované výdaje";"1.1.1900";"31.12.9999"
"2111";"Uhelné hornictví";"Průmyslová a ostatní odvětví hospodářství";"Průmysl, stavebnictví, obchod a služby";"Záležitosti těžebního průmyslu a energetiky";"1.1.1900";"31.12.9999"
"2112";"Těžba nerostných surovin kromě paliv";"Průmyslová a ostatní odvětví hospodářství";"Průmysl, stavebnictví, obchod a služby";"Záležitosti těžebního průmyslu a energetiky";"1.1.1900";"31.12.9999"
"2113";"Zpracování ropy a zemního plynu";"Průmyslová a ostatní odvětví hospodářství";"Průmysl, stavebnictví, obchod a služby";"Záležitosti těžebního průmyslu a energetiky";"1.1.1900";"31.12.9999"
"2114";"Jaderné elektrárny";"Průmyslová a ostatní odvětví hospodářství";"Průmysl, stavebnictví, obchod a služby";"Záležitosti těžebního průmyslu a energetiky";"1.1.1900";"31.12.9999"
"2115";"Úspora energie a obnovitelné zdroje";"Průmyslová a ostatní odvětví hospodářství";"Průmysl, stavebnictví, obchod a služby";"Záležitosti těžebního průmyslu a energetiky";"1.1.1900";"31.12.9999"
"2116";"Jaderné palivo a ochrana před ionizujícím zářením";"Průmyslová a ostatní odvětví hospodářství";"Průmysl, stavebnictví, obchod a služby";"Záležitosti těžebního průmyslu a energetiky";"1.1.1900";"31.12.9999"
"2117";"Elektrická energie";"Průmyslová a ostatní odvětví hospodářství";"Průmysl, stavebnictví, obchod a služby";"Záležitosti těžebního průmyslu a energetiky";"1.1.1900";"31.12.9999"
"2118";"Energie jiná než elektrická";"Průmyslová a ostatní odvětví hospodářství";"Průmysl, stavebnictví, obchod a služby";"Záležitosti těžebního průmyslu a energetiky";"1.1.1900";"31.12.9999"
"2119";"Ostatní záležitosti těžebního průmyslu a energetiky";"Průmyslová a ostatní odvětví hospodářství";"Průmysl, stavebnictví, obchod a služby";"Záležitosti těžebního průmyslu a energetiky";"1.1.1900";"31.12.9999"
"2121";"Stavebnictví";"Průmyslová a ostatní odvětví hospodářství";"Průmysl, stavebnictví, obchod a služby";"Ostatní odvětvové a oborové záležitosti v průmyslu a stavebnictví";"1.1.1900";"31.12.9999"
"2122";"Sběr a zpracování druhotných surovin";"Průmyslová a ostatní odvětví hospodářství";"Průmysl, stavebnictví, obchod a služby";"Ostatní odvětvové a oborové záležitosti v průmyslu a stavebnictví";"1.1.1900";"31.12.9999"
"2123";"Podpora rozvoje průmyslových zón";"Průmyslová a ostatní odvětví hospodářství";"Průmysl, stavebnictví, obchod a služby";"Ostatní odvětvové a oborové záležitosti v průmyslu a stavebnictví";"1.1.1900";"31.12.9999"
"2124";"Opatření ke zvýšení konkurenceschopnosti průmyslových odvětví";"Průmyslová a ostatní odvětví hospodářství";"Průmysl, stavebnictví, obchod a služby";"Ostatní odvětvové a oborové záležitosti v průmyslu a stavebnictví";"1.1.1900";"31.12.9999"
"2125";"Podpora podnikání a inovací";"Průmyslová a ostatní odvětví hospodářství";"Průmysl, stavebnictví, obchod a služby";"Ostatní odvětvové a oborové záležitosti v průmyslu a stavebnictví";"1.1.1900";"31.12.9999"
"2129";"Ostatní odvětvová a oborová opatření";"Průmyslová a ostatní odvětví hospodářství";"Průmysl, stavebnictví, obchod a služby";"Ostatní odvětvové a oborové záležitosti v průmyslu a stavebnictví";"1.1.1900";"31.12.9999"
"2131";"Přímá podpora exportu";"Průmyslová a ostatní odvětví hospodářství";"Průmysl, stavebnictví, obchod a služby";"Zahraniční obchod";"1.1.1900";"31.12.9999"
"2139";"Ostatní záležitosti zahraničního obchodu";"Průmyslová a ostatní odvětví hospodářství";"Průmysl, stavebnictví, obchod a služby";"Zahraniční obchod";"1.1.1900";"31.12.9999"
"2141";"Vnitřní obchod";"Průmyslová a ostatní odvětví hospodářství";"Průmysl, stavebnictví, obchod a služby";"Vnitřní obchod, služby a cestovní ruch";"1.1.1900";"31.12.9999"
"2142";"Ubytování a stravování";"Průmyslová a ostatní odvětví hospodářství";"Průmysl, stavebnictví, obchod a služby";"Vnitřní obchod, služby a cestovní ruch";"1.1.1900";"31.12.9999"
"2143";"Cestovní ruch";"Průmyslová a ostatní odvětví hospodářství";"Průmysl, stavebnictví, obchod a služby";"Vnitřní obchod, služby a cestovní ruch";"1.1.1900";"31.12.9999"
"2144";"Ostatní služby";"Průmyslová a ostatní odvětví hospodářství";"Průmysl, stavebnictví, obchod a služby";"Vnitřní obchod, služby a cestovní ruch";"1.1.1900";"31.12.9999"
"2161";"Činnost ústředního orgánu státní správy v odvětví energetiky, průmyslu, stavebnictví, obchodu a služeb";"Průmyslová a ostatní odvětví hospodářství";"Průmysl, stavebnictví, obchod a služby";"Správa v odvětví energetiky, průmyslu, stavebnictví, obchodu a služeb";"1.1.1900";"31.12.9999"
"2162";"Činnost ostatních orgánů státní správy v průmyslu, stavebnictví, obchodu a službách";"Průmyslová a ostatní odvětví hospodářství";"Průmysl, stavebnictví, obchod a služby";"Správa v odvětví energetiky, průmyslu, stavebnictví, obchodu a služeb";"1.1.1900";"31.12.9999"
"2169";"Ostatní správa v průmyslu, stavebnictví, obchodu a službách";"Průmyslová a ostatní odvětví hospodářství";"Průmysl, stavebnictví, obchod a služby";"Správa v odvětví energetiky, průmyslu, stavebnictví, obchodu a služeb";"1.1.1900";"31.12.9999"
"2181";"Výzkum a vývoj v palivech a energetice";"Průmyslová a ostatní odvětví hospodářství";"Průmysl, stavebnictví, obchod a služby";"Výzkum a vývoj v průmyslu, stavebnictví, obchodu a službách";"1.1.1900";"31.12.9999"
"2182";"Výzkum a vývoj v průmyslu kromě paliv a energetiky";"Průmyslová a ostatní odvětví hospodářství";"Průmysl, stavebnictví, obchod a služby";"Výzkum a vývoj v průmyslu, stavebnictví, obchodu a službách";"1.1.1900";"31.12.9999"
"2183";"Výzkum a vývoj ve službách";"Průmyslová a ostatní odvětví hospodářství";"Průmysl, stavebnictví, obchod a služby";"Výzkum a vývoj v průmyslu, stavebnictví, obchodu a službách";"1.1.1900";"31.12.9999"
"2184";"Výzkum a vývoj v obchodu a cestovním ruchu";"Průmyslová a ostatní odvětví hospodářství";"Průmysl, stavebnictví, obchod a služby";"Výzkum a vývoj v průmyslu, stavebnictví, obchodu a službách";"1.1.1900";"31.12.9999"
"2185";"Výzkum a vývoj ve stavebnictví";"Průmyslová a ostatní odvětví hospodářství";"Průmysl, stavebnictví, obchod a služby";"Výzkum a vývoj v průmyslu, stavebnictví, obchodu a službách";"1.1.1900";"31.12.9999"
"2191";"Mezinárodní spolupráce v průmyslu, stavebnictví, obchodu a službách";"Průmyslová a ostatní odvětví hospodářství";"Průmysl, stavebnictví, obchod a služby";"Ostatní činnost a nespecifikované výdaje";"1.1.1900";"31.12.9999"
"2199";"Záležitosti průmyslu, stavebnictví, obchodu a služeb jinde nezařazené";"Průmyslová a ostatní odvětví hospodářství";"Průmysl, stavebnictví, obchod a služby";"Ostatní činnost a nespecifikované výdaje";"1.1.1900";"31.12.9999"
"2211";"Dálnice";"Průmyslová a ostatní odvětví hospodářství";"Doprava";"Pozemní komunikace";"1.1.1900";"31.12.9999"
"2212";"Silnice";"Průmyslová a ostatní odvětví hospodářství";"Doprava";"Pozemní komunikace";"1.1.1900";"31.12.9999"
"2219";"Ostatní záležitosti pozemních komunikací";"Průmyslová a ostatní odvětví hospodářství";"Doprava";"Pozemní komunikace";"1.1.1900";"31.12.9999"
"2221";"Provoz veřejné silniční dopravy";"Průmyslová a ostatní odvětví hospodářství";"Doprava";"Silniční doprava";"1.1.1900";"31.12.9999"
"2222";"Kontrola technické způsobilosti vozidel";"Průmyslová a ostatní odvětví hospodářství";"Doprava";"Silniční doprava";"1.1.1900";"31.12.9999"
"2223";"Bezpečnost silničního provozu";"Průmyslová a ostatní odvětví hospodářství";"Doprava";"Silniční doprava";"1.1.1900";"31.12.9999"
"2229";"Ostatní záležitosti v silniční dopravě";"Průmyslová a ostatní odvětví hospodářství";"Doprava";"Silniční doprava";"1.1.1900";"31.12.9999"
"2231";"Vodní cesty";"Průmyslová a ostatní odvětví hospodářství";"Doprava";"Vnitrozemská a námořní plavba";"1.1.1900";"31.12.9999"
"2232";"Provoz vnitrozemské plavby";"Průmyslová a ostatní odvětví hospodářství";"Doprava";"Vnitrozemská a námořní plavba";"1.1.1900";"31.12.9999"
"2233";"Záležitosti námořní dopravy";"Průmyslová a ostatní odvětví hospodářství";"Doprava";"Vnitrozemská a námořní plavba";"1.1.1900";"31.12.9999"
"2239";"Ostatní záležitosti vnitrozemské plavby";"Průmyslová a ostatní odvětví hospodářství";"Doprava";"Vnitrozemská a námořní plavba";"1.1.1900";"31.12.9999"
"2241";"Železniční dráhy";"Průmyslová a ostatní odvětví hospodářství";"Doprava";"Železniční doprava";"1.1.1900";"31.12.9999"
"2242";"Provoz veřejné železniční dopravy";"Průmyslová a ostatní odvětví hospodářství";"Doprava";"Železniční doprava";"1.1.1900";"31.12.9999"
"2243";"Drážní vozidla";"Průmyslová a ostatní odvětví hospodářství";"Doprava";"Železniční doprava";"1.1.1900";"31.12.9999"
"2249";"Ostatní záležitosti železniční dopravy";"Průmyslová a ostatní odvětví hospodářství";"Doprava";"Železniční doprava";"1.1.1900";"31.12.9999"
"2251";"Letiště";"Průmyslová a ostatní odvětví hospodářství";"Doprava";"Civilní letecká doprava";"1.1.1900";"31.12.9999"
"2252";"Zabezpečení letového provozu";"Průmyslová a ostatní odvětví hospodářství";"Doprava";"Civilní letecká doprava";"1.1.1900";"31.12.9999"
"2253";"Provoz civilní letecké dopravy";"Průmyslová a ostatní odvětví hospodářství";"Doprava";"Civilní letecká doprava";"1.1.1900";"31.12.9999"
"2259";"Ostatní záležitosti civilní letecké dopravy";"Průmyslová a ostatní odvětví hospodářství";"Doprava";"Civilní letecká doprava";"1.1.1900";"31.12.9999"
"2261";"Činnost ústředních orgánů státní správy v dopravě";"Průmyslová a ostatní odvětví hospodářství";"Doprava";"Správa v dopravě";"1.1.1900";"31.12.9999"
"2262";"Činnost ostatních orgánů státní správy v dopravě";"Průmyslová a ostatní odvětví hospodářství";"Doprava";"Správa v dopravě";"1.1.1900";"31.12.9999"
"2269";"Ostatní správa v dopravě";"Průmyslová a ostatní odvětví hospodářství";"Doprava";"Správa v dopravě";"1.1.1900";"31.12.9999"
"2271";"Ostatní dráhy";"Průmyslová a ostatní odvětví hospodářství";"Doprava";"Doprava ostatních drah";"1.1.1900";"31.12.9999"
"2272";"Provoz ostatních drah";"Průmyslová a ostatní odvětví hospodářství";"Doprava";"Doprava ostatních drah";"1.1.1900";"31.12.9999"
"2279";"Záležitosti ostatních drah jinde nezařazené";"Průmyslová a ostatní odvětví hospodářství";"Doprava";"Doprava ostatních drah";"1.1.1900";"31.12.9999"
"2280";"Výzkum a vývoj v dopravě";"Průmyslová a ostatní odvětví hospodářství";"Doprava";"Výzkum v dopravě";"1.1.1900";"31.12.9999"
"2291";"Mezinárodní spolupráce v dopravě";"Průmyslová a ostatní odvětví hospodářství";"Doprava";"Ostatní činnost a nespecifikované výdaje v dopravě";"1.1.1900";"31.12.9999"
"2299";"Ostatní záležitosti v dopravě";"Průmyslová a ostatní odvětví hospodářství";"Doprava";"Ostatní činnost a nespecifikované výdaje v dopravě";"1.1.1900";"31.12.9999"
"2310";"Pitná voda";"Průmyslová a ostatní odvětví hospodářství";"Vodní hospodářství";"Pitná voda";"1.1.1900";"31.12.9999"
"2321";"Odvádění a čištění odpadních vod a nakládání s kaly";"Průmyslová a ostatní odvětví hospodářství";"Vodní hospodářství";"Odvádění a čištění odpadních vod";"1.1.1900";"31.12.9999"
"2322";"Prevence znečišťování vody";"Průmyslová a ostatní odvětví hospodářství";"Vodní hospodářství";"Odvádění a čištění odpadních vod";"1.1.1900";"31.12.9999"
"2329";"Odvádění a čištění odpadních vod jinde nezařazené";"Průmyslová a ostatní odvětví hospodářství";"Vodní hospodářství";"Odvádění a čištění odpadních vod";"1.1.1900";"31.12.9999"
"2331";"Úpravy vodohospodářsky významných a vodárenských toků";"Průmyslová a ostatní odvětví hospodářství";"Vodní hospodářství";"Vodní toky a vodohospodářská díla";"1.1.1900";"31.12.9999"
"2332";"Vodní díla na vodohospodářsky významných a vodárenských tocích";"Průmyslová a ostatní odvětví hospodářství";"Vodní hospodářství";"Vodní toky a vodohospodářská díla";"1.1.1900";"31.12.9999"
"2333";"Úpravy drobných vodních toků";"Průmyslová a ostatní odvětví hospodářství";"Vodní hospodářství";"Vodní toky a vodohospodářská díla";"1.1.1900";"31.12.9999"
"2334";"Revitalizace říčních systémů";"Průmyslová a ostatní odvětví hospodářství";"Vodní hospodářství";"Vodní toky a vodohospodářská díla";"1.1.1900";"31.12.9999"
"2339";"Záležitosti vodních toků a vodohospodářských děl jinde nezařazené";"Průmyslová a ostatní odvětví hospodářství";"Vodní hospodářství";"Vodní toky a vodohospodářská díla";"1.1.1900";"31.12.9999"
"2341";"Vodní díla v zemědělské krajině";"Průmyslová a ostatní odvětví hospodářství";"Vodní hospodářství";"Voda v zemědělské krajině";"1.1.1900";"31.12.9999"
"2342";"Protierozní ochrana";"Průmyslová a ostatní odvětví hospodářství";"Vodní hospodářství";"Voda v zemědělské krajině";"1.1.1900";"31.12.9999"
"2349";"Ostatní záležitosti vody v zemědělské krajině";"Průmyslová a ostatní odvětví hospodářství";"Vodní hospodářství";"Voda v zemědělské krajině";"1.1.1900";"31.12.9999"
"2361";"Činnost ústředních orgánů státní správy ve vodním hospodářství";"Průmyslová a ostatní odvětví hospodářství";"Vodní hospodářství";"Správa ve vodním hospodářství";"1.1.1900";"31.12.9999"
"2362";"Činnost ostatních orgánů státní správy ve vodním hospodářství";"Průmyslová a ostatní odvětví hospodářství";"Vodní hospodářství";"Správa ve vodním hospodářství";"1.1.1900";"31.12.9999"
"2369";"Ostatní správa ve vodním hospodářství";"Průmyslová a ostatní odvětví hospodářství";"Vodní hospodářství";"Správa ve vodním hospodářství";"1.1.1900";"31.12.9999"
"2380";"Vodohospodářský výzkum a vývoj";"Průmyslová a ostatní odvětví hospodářství";"Vodní hospodářství";"Vodohospodářský výzkum a vývoj";"1.1.1900";"31.12.9999"
"2391";"Mezinárodní spolupráce v oblasti vodního hospodářství";"Průmyslová a ostatní odvětví hospodářství";"Vodní hospodářství";"Ostatní činnost a nespecifikované výdaje";"1.1.1900";"31.12.9999"
"2399";"Ostatní záležitosti vodního hospodářství";"Průmyslová a ostatní odvětví hospodářství";"Vodní hospodářství";"Ostatní činnost a nespecifikované výdaje";"1.1.1900";"31.12.9999"
"2411";"Záležitosti pošt";"Průmyslová a ostatní odvětví hospodářství";"Spoje";"Činnosti spojů";"1.1.1900";"31.12.9999"
"2412";"Záležitosti telekomunikací";"Průmyslová a ostatní odvětví hospodářství";"Spoje";"Činnosti spojů";"1.1.1900";"31.12.9999"
"2413";"Záležitosti radiokomunikací";"Průmyslová a ostatní odvětví hospodářství";"Spoje";"Činnosti spojů";"1.1.1900";"31.12.9999"
"2419";"Ostatní záležitosti spojů";"Průmyslová a ostatní odvětví hospodářství";"Spoje";"Činnosti spojů";"1.1.1900";"31.12.9999"
"2461";"Činnost ústředních orgánů státní správy ve spojích";"Průmyslová a ostatní odvětví hospodářství";"Spoje";"Správa ve spojích";"1.1.1900";"31.12.9999"
"2462";"Činnost ostatních orgánů státní správy ve spojích";"Průmyslová a ostatní odvětví hospodářství";"Spoje";"Správa ve spojích";"1.1.1900";"31.12.9999"
"2469";"Ostatní správa ve spojích";"Průmyslová a ostatní odvětví hospodářství";"Spoje";"Správa ve spojích";"1.1.1900";"31.12.9999"
"2480";"Výzkum a vývoj ve spojích";"Průmyslová a ostatní odvětví hospodářství";"Spoje";"Výzkum a vývoj ve spojích";"1.1.1900";"31.12.9999"
"2491";"Mezinárodní spolupráce ve spojích";"Průmyslová a ostatní odvětví hospodářství";"Spoje";"Ostatní činnost a nespecifikované výdaje ve spojích";"1.1.1900";"31.12.9999"
"2499";"Ostatní záležitosti spojů";"Průmyslová a ostatní odvětví hospodářství";"Spoje";"Ostatní činnost a nespecifikované výdaje ve spojích";"1.1.1900";"31.12.9999"
"2510";"Podpora podnikání";"Průmyslová a ostatní odvětví hospodářství";"Všeobecné hospodářské záležitosti a ostatní ekonomické funkce";"Podpora podnikání";"1.1.1900";"31.12.9999"
"2521";"Bezpečnost práce";"Průmyslová a ostatní odvětví hospodářství";"Všeobecné hospodářské záležitosti a ostatní ekonomické funkce";"Všeobecné pracovní záležitosti";"1.1.1900";"31.12.9999"
"2529";"Všeobecné pracovní záležitosti jinde nezařazené";"Průmyslová a ostatní odvětví hospodářství";"Všeobecné hospodářské záležitosti a ostatní ekonomické funkce";"Všeobecné pracovní záležitosti";"1.1.1900";"31.12.9999"
"2531";"Centrální banka a měna";"Průmyslová a ostatní odvětví hospodářství";"Všeobecné hospodářské záležitosti a ostatní ekonomické funkce";"Všeobecné finanční záležitosti";"1.1.1900";"31.12.9999"
"2539";"Všeobecné finanční záležitosti jinde nezařazené";"Průmyslová a ostatní odvětví hospodářství";"Všeobecné hospodářské záležitosti a ostatní ekonomické funkce";"Všeobecné finanční záležitosti";"1.1.1900";"31.12.9999"
"2541";"Geologie";"Průmyslová a ostatní odvětví hospodářství";"Všeobecné hospodářské záležitosti a ostatní ekonomické funkce";"Všeobecné hospodářské služby";"1.1.1900";"31.12.9999"
"2542";"Meteorologie";"Průmyslová a ostatní odvětví hospodářství";"Všeobecné hospodářské záležitosti a ostatní ekonomické funkce";"Všeobecné hospodářské služby";"1.1.1900";"31.12.9999"
"2549";"Všeobecné hospodářské služby jinde nezařazené";"Průmyslová a ostatní odvětví hospodářství";"Všeobecné hospodářské záležitosti a ostatní ekonomické funkce";"Všeobecné hospodářské služby";"1.1.1900";"31.12.9999"
"2561";"Činnost ústředních orgánů státní správy v oblasti hospodářství";"Průmyslová a ostatní odvětví hospodářství";"Všeobecné hospodářské záležitosti a ostatní ekonomické funkce";"Všeobecná hospodářská správa";"1.1.1900";"31.12.9999"
"2562";"Činnost ostatních orgánů a organizací v oblasti normalizace, standardizace a metrologie";"Průmyslová a ostatní odvětví hospodářství";"Všeobecné hospodářské záležitosti a ostatní ekonomické funkce";"Všeobecná hospodářská správa";"1.1.1900";"31.12.9999"
"2563";"Činnost ostatních orgánů státní správy v zeměměřictví a katastru";"Průmyslová a ostatní odvětví hospodářství";"Všeobecné hospodářské záležitosti a ostatní ekonomické funkce";"Všeobecná hospodářská správa";"1.1.1900";"31.12.9999"
"2564";"Správa národního majetku";"Průmyslová a ostatní odvětví hospodářství";"Všeobecné hospodářské záležitosti a ostatní ekonomické funkce";"Všeobecná hospodářská správa";"1.1.1900";"31.12.9999"
"2565";"Činnost ostatních orgánů státní správy v oblasti bezpečnosti práce";"Průmyslová a ostatní odvětví hospodářství";"Všeobecné hospodářské záležitosti a ostatní ekonomické funkce";"Všeobecná hospodářská správa";"1.1.1900";"31.12.9999"
"2569";"Všeobecná hospodářská správa jinde nezařazená";"Průmyslová a ostatní odvětví hospodářství";"Všeobecné hospodářské záležitosti a ostatní ekonomické funkce";"Všeobecná hospodářská správa";"1.1.1900";"31.12.9999"
"2580";"Výzkum a vývoj v oblasti všeobecných hospodářských záležitostí";"Průmyslová a ostatní odvětví hospodářství";"Všeobecné hospodářské záležitosti a ostatní ekonomické funkce";"Výzkum a vývoj v oblasti všeobecných hospodářských záležitostí";"1.1.1900";"31.12.9999"
"2590";"Mezinárodní spolupráce ve všeobecných hospodářských záležitostech.";"Průmyslová a ostatní odvětví hospodářství";"Všeobecné hospodářské záležitosti a ostatní ekonomické funkce";"Ostatní činnosti a nespecifikované výdaje";"1.1.1900";"31.12.9999"
"3111";"Mateřské školy";"Služby pro obyvatelstvo";"Vzdělávání a školské služby";"Předškolní a základní vzdělávání";"1.1.1900";"31.12.9999"
"3112";"Mateřské školy pro děti se speciálními vzdělávacími potřebami";"Služby pro obyvatelstvo";"Vzdělávání a školské služby";"Předškolní a základní vzdělávání";"1.1.1900";"31.12.9999"
"3113";"Základní školy";"Služby pro obyvatelstvo";"Vzdělávání a školské služby";"Předškolní a základní vzdělávání";"1.1.1900";"31.12.9999"
"3114";"Základní školy pro žáky se speciálními vzdělávacími potřebami";"Služby pro obyvatelstvo";"Vzdělávání a školské služby";"Předškolní a základní vzdělávání";"1.1.1900";"31.12.9999"
"3115";"Ostatní záležitosti předškolního vzdělávání";"Služby pro obyvatelstvo";"Vzdělávání a školské služby";"Předškolní a základní vzdělávání";"1.1.2015";"31.12.9999"
"3117";"První stupeň základních škol";"Služby pro obyvatelstvo";"Vzdělávání a školské služby";"Předškolní a základní vzdělávání";"1.1.1900";"31.12.9999"
"3118";"Druhý stupeň základních škol";"Služby pro obyvatelstvo";"Vzdělávání a školské služby";"Předškolní a základní vzdělávání";"1.1.1900";"31.12.9999"
"3119";"Ostatní záležitosti základního vzdělávání";"Služby pro obyvatelstvo";"Vzdělávání a školské služby";"Předškolní a základní vzdělávání";"1.1.1900";"31.12.9999"
"3121";"Gymnazia";"Služby pro obyvatelstvo";"Vzdělávání a školské služby";"Střední vzdělávání a vzdělávání v konzervatořích";"1.1.1900";"31.12.9999"
"3122";"Střední odborné školy";"Služby pro obyvatelstvo";"Vzdělávání a školské služby";"Střední vzdělávání a vzdělávání v konzervatořích";"1.1.1900";"31.12.9999"
"3123";"Střední školy poskytující střední vzdělání s výučním listem";"Služby pro obyvatelstvo";"Vzdělávání a školské služby";"Střední vzdělávání a vzdělávání v konzervatořích";"1.1.1900";"31.12.9999"
"3124";"Střední školy a konzervatoře pro žáky se speciálními vzdělávacími potřebami";"Služby pro obyvatelstvo";"Vzdělávání a školské služby";"Střední vzdělávání a vzdělávání v konzervatořích";"1.1.1900";"31.12.9999"
"3125";"Střediska praktického vyučování a školní hospodářství";"Služby pro obyvatelstvo";"Vzdělávání a školské služby";"Střední vzdělávání a vzdělávání v konzervatořích";"1.1.1900";"31.12.9999"
"3126";"Konzervatoře";"Služby pro obyvatelstvo";"Vzdělávání a školské služby";"Střední vzdělávání a vzdělávání v konzervatořích";"1.1.1900";"31.12.9999"
"3127";"Střední školy";"Služby pro obyvatelstvo";"Vzdělávání a školské služby";"Střední vzdělávání a vzdělávání v konzervatořích";"1.1.2015";"31.12.9999"
"3128";"Sportovní školy - gymnázia";"Služby pro obyvatelstvo";"Vzdělávání a školské služby";"Střední vzdělávání a vzdělávání v konzervatořích";"1.1.1900";"31.12.9999"
"3129";"Ostatní zařízení středního vzdělávání";"Služby pro obyvatelstvo";"Vzdělávání a školské služby";"Střední vzdělávání a vzdělávání v konzervatořích";"1.1.1900";"31.12.9999"
"3131";"Výchovné ústavy a dětské domovy se školou";"Služby pro obyvatelstvo";"Vzdělávání a školské služby";"Školská zařízení pro výkon ústavní a ochranné výchovy";"1.1.1900";"31.12.9999"
"3132";"Diagnostické ústavy";"Služby pro obyvatelstvo";"Vzdělávání a školské služby";"Školská zařízení pro výkon ústavní a ochranné výchovy";"1.1.1900";"31.12.9999"
"3133";"Dětské domovy";"Služby pro obyvatelstvo";"Vzdělávání a školské služby";"Školská zařízení pro výkon ústavní a ochranné výchovy";"1.1.2015";"31.12.9999"
"3139";"Ostatní školská zařízení pro výkon ústavní a ochranné výchovy";"Služby pro obyvatelstvo";"Vzdělávání a školské služby";"Školská zařízení pro výkon ústavní a ochranné výchovy";"1.1.1900";"31.12.9999"
"3141";"Školní stravování";"Služby pro obyvatelstvo";"Vzdělávání a školské služby";"Ostatní zařízení související s výchovou a vzděláváním mládeže";"1.1.1900";"31.12.9999"
"3143";"Školní družiny a kluby";"Služby pro obyvatelstvo";"Vzdělávání a školské služby";"Ostatní zařízení související s výchovou a vzděláváním mládeže";"1.1.1900";"31.12.9999"
"3144";"Školy v přírodě";"Služby pro obyvatelstvo";"Vzdělávání a školské služby";"Ostatní zařízení související s výchovou a vzděláváním mládeže";"1.1.1900";"31.12.9999"
"3145";"Internáty";"Služby pro obyvatelstvo";"Vzdělávání a školské služby";"Ostatní zařízení související s výchovou a vzděláváním mládeže";"1.1.1900";"31.12.9999"
"3146";"Zařízení výchovného poradenství";"Služby pro obyvatelstvo";"Vzdělávání a školské služby";"Ostatní zařízení související s výchovou a vzděláváním mládeže";"1.1.1900";"31.12.9999"
"3147";"Domovy mládeže";"Služby pro obyvatelstvo";"Vzdělávání a školské služby";"Ostatní zařízení související s výchovou a vzděláváním mládeže";"1.1.1900";"31.12.9999"
"3148";"Střediska výchovné péče";"Služby pro obyvatelstvo";"Vzdělávání a školské služby";"Ostatní zařízení související s výchovou a vzděláváním mládeže";"1.1.2015";"31.12.9999"
"3149";"Ostatní zařízení související s výchovou a vzděláváním mládeže";"Služby pro obyvatelstvo";"Vzdělávání a školské služby";"Ostatní zařízení související s výchovou a vzděláváním mládeže";"1.1.1900";"31.12.9999"
"3150";"Vyšší odborné školy";"Služby pro obyvatelstvo";"Vzdělávání a školské služby";"Vyšší odborné vzdělávání";"1.1.1900";"31.12.9999"
"3211";"Vysoké školy";"Služby pro obyvatelstvo";"Vzdělávání a školské služby";"Vysokoškolské vzdělávání";"1.1.1900";"31.12.9999"
"3212";"Výzkum, vývoj a inovace na vysokých školách";"Služby pro obyvatelstvo";"Vzdělávání a školské služby";"Vysokoškolské vzdělávání";"1.1.1900";"31.12.9999"
"3213";"Bakalářské studium";"Služby pro obyvatelstvo";"Vzdělávání a školské služby";"Vysokoškolské vzdělávání";"1.1.1900";"31.12.9999"
"3214";"Magisterské a doktorské studium";"Služby pro obyvatelstvo";"Vzdělávání a školské služby";"Vysokoškolské vzdělávání";"1.1.1900";"31.12.9999"
"3221";"Vysokoškolské koleje a menzy";"Služby pro obyvatelstvo";"Vzdělávání a školské služby";"Zařízení související s vysokoškolským vzděláváním";"1.1.1900";"31.12.9999"
"3229";"Ostatní zařízení související s vysokoškolským vzděláváním";"Služby pro obyvatelstvo";"Vzdělávání a školské služby";"Zařízení související s vysokoškolským vzděláváním";"1.1.1900";"31.12.9999"
"3231";"Základní umělecké školy";"Služby pro obyvatelstvo";"Vzdělávání a školské služby";"Základní umělecké, jazykové a zájmové vzdělávání";"1.1.1900";"31.12.9999"
"3232";"Jazykové školy s právem státní jazykové zkoušky";"Služby pro obyvatelstvo";"Vzdělávání a školské služby";"Základní umělecké, jazykové a zájmové vzdělávání";"1.1.2015";"31.12.9999"
"3233";"Střediska volného času";"Služby pro obyvatelstvo";"Vzdělávání a školské služby";"Základní umělecké, jazykové a zájmové vzdělávání";"1.1.2015";"31.12.9999"
"3239";"Záležitosti zájmového vzdělávání jinde nezařazené";"Služby pro obyvatelstvo";"Vzdělávání a školské služby";"Základní umělecké, jazykové a zájmové vzdělávání";"1.1.1900";"31.12.9999"
"3261";"Činnost ústředního orgánu státní správy ve vzdělávání";"Služby pro obyvatelstvo";"Vzdělávání a školské služby";"Správa ve vzdělávání";"1.1.1900";"31.12.9999"
"3262";"Činnost ostatních orgánů státní správy ve vzdělávání";"Služby pro obyvatelstvo";"Vzdělávání a školské služby";"Správa ve vzdělávání";"1.1.1900";"31.12.9999"
"3269";"Ostatní správa ve vzdělávání jinde nezařazená";"Služby pro obyvatelstvo";"Vzdělávání a školské služby";"Správa ve vzdělávání";"1.1.1900";"31.12.9999"
"3280";"Výzkum školství a vzdělávání";"Služby pro obyvatelstvo";"Vzdělávání a školské služby";"Výzkum školství a vzdělávání";"1.1.1900";"31.12.9999"
"3291";"Mezinárodní spolupráce ve vzdělávání";"Služby pro obyvatelstvo";"Vzdělávání a školské služby";"Ostatní činnost a nespecifikované výdaje";"1.1.1900";"31.12.9999"
"3292";"Vzdělávání národnostních menšin a multikulturní výchova";"Služby pro obyvatelstvo";"Vzdělávání a školské služby";"Ostatní činnost a nespecifikované výdaje";"1.1.1900";"31.12.9999"
"3293";"Vzdělávací akce k integraci Romů";"Služby pro obyvatelstvo";"Vzdělávání a školské služby";"Ostatní činnost a nespecifikované výdaje";"1.1.1900";"31.12.9999"
"3294";"Zařízení pro další vzdělávání pedagogických pracovníků";"Služby pro obyvatelstvo";"Vzdělávání a školské služby";"Ostatní činnost a nespecifikované výdaje";"1.1.2015";"31.12.9999"
"3299";"Ostatní záležitosti vzdělávání";"Služby pro obyvatelstvo";"Vzdělávání a školské služby";"Ostatní činnost a nespecifikované výdaje";"1.1.1900";"31.12.9999"
"3311";"Divadelní činnost";"Služby pro obyvatelstvo";"Kultura, církve a sdělovací prostředky";"Kultura";"1.1.1900";"31.12.9999"
"3312";"Hudební činnost";"Služby pro obyvatelstvo";"Kultura, církve a sdělovací prostředky";"Kultura";"1.1.1900";"31.12.9999"
"3313";"Filmová tvorba, distribuce, kina a shromažďování audiovizuálních archiválií";"Služby pro obyvatelstvo";"Kultura, církve a sdělovací prostředky";"Kultura";"1.1.1900";"31.12.9999"
"3314";"Činnosti knihovnické";"Služby pro obyvatelstvo";"Kultura, církve a sdělovací prostředky";"Kultura";"1.1.1900";"31.12.9999"
"3315";"Činnosti muzeí a galerií";"Služby pro obyvatelstvo";"Kultura, církve a sdělovací prostředky";"Kultura";"1.1.1900";"31.12.9999"
"3316";"Vydavatelská činnost";"Služby pro obyvatelstvo";"Kultura, církve a sdělovací prostředky";"Kultura";"1.1.1900";"31.12.9999"
"3317";"Výstavní činnosti v kultuře";"Služby pro obyvatelstvo";"Kultura, církve a sdělovací prostředky";"Kultura";"1.1.1900";"31.12.9999"
"3319";"Ostatní záležitosti kultury";"Služby pro obyvatelstvo";"Kultura, církve a sdělovací prostředky";"Kultura";"1.1.1900";"31.12.9999"
"3321";"Činnosti památkových ústavů, hradů a zámků";"Služby pro obyvatelstvo";"Kultura, církve a sdělovací prostředky";"Ochrana památek a péče o kulturní dědictví a národní a historické povědomí";"1.1.1900";"31.12.9999"
"3322";"Zachování a obnova kulturních památek";"Služby pro obyvatelstvo";"Kultura, církve a sdělovací prostředky";"Ochrana památek a péče o kulturní dědictví a národní a historické povědomí";"1.1.1900";"31.12.9999"
"3324";"Výkup předmětů kulturní hodnoty";"Služby pro obyvatelstvo";"Kultura, církve a sdělovací prostředky";"Ochrana památek a péče o kulturní dědictví a národní a historické povědomí";"1.1.1900";"31.12.9999"
"3325";"Pražský hrad";"Služby pro obyvatelstvo";"Kultura, církve a sdělovací prostředky";"Ochrana památek a péče o kulturní dědictví a národní a historické povědomí";"1.1.1900";"31.12.9999"
"3326";"Pořízení, zachování a obnova hodnot místního kulturního, národního a historického povědomí";"Služby pro obyvatelstvo";"Kultura, církve a sdělovací prostředky";"Ochrana památek a péče o kulturní dědictví a národní a historické povědomí";"1.1.1900";"31.12.9999"
"3329";"Ostatní záležitosti ochrany památek a péče o kulturní dědictví";"Služby pro obyvatelstvo";"Kultura, církve a sdělovací prostředky";"Ochrana památek a péče o kulturní dědictví a národní a historické povědomí";"1.1.1900";"31.12.9999"
"3330";"Činnosti registrovaných církví a náboženských společností";"Služby pro obyvatelstvo";"Kultura, církve a sdělovací prostředky";"Činnosti registrovaných církví a náboženských společností";"1.1.1900";"31.12.9999"
"3341";"Rozhlas a televize";"Služby pro obyvatelstvo";"Kultura, církve a sdělovací prostředky";"Sdělovací prostředky";"1.1.1900";"31.12.9999"
"3349";"Ostatní záležitosti sdělovacích prostředků";"Služby pro obyvatelstvo";"Kultura, církve a sdělovací prostředky";"Sdělovací prostředky";"1.1.1900";"31.12.9999"
"3361";"Činnost ústředního orgánu státní správy v oblasti kultury a církví";"Služby pro obyvatelstvo";"Kultura, církve a sdělovací prostředky";"Správa v oblasti kultury, církví a sdělovacích prostředků";"1.1.1900";"31.12.9999"
"3362";"Činnost ostatních orgánů státní správy v oblasti kultury, církví a sdělovacích prostředků";"Služby pro obyvatelstvo";"Kultura, církve a sdělovací prostředky";"Správa v oblasti kultury, církví a sdělovacích prostředků";"1.1.1900";"31.12.9999"
"3369";"Ostatní správa v oblasti kultury, církví a sdělovacích prostředků";"Služby pro obyvatelstvo";"Kultura, církve a sdělovací prostředky";"Správa v oblasti kultury, církví a sdělovacích prostředků";"1.1.1900";"31.12.9999"
"3380";"Výzkum a vývoj v oblasti kultury, církví a sdělovacích prostředků";"Služby pro obyvatelstvo";"Kultura, církve a sdělovací prostředky";"Výzkum a vývoj v oblasti kultury, církví a sdělovacích prostředků";"1.1.1900";"31.12.9999"
"3391";"Mezinárodní spolupráce v kultuře, církvích a sdělovacích prostředcích";"Služby pro obyvatelstvo";"Kultura, církve a sdělovací prostředky";"Ostatní činnosti v záležitostech kultury, církví a sdělovacích prostředků";"1.1.1900";"31.12.9999"
"3392";"Zájmová činnost v kultuře";"Služby pro obyvatelstvo";"Kultura, církve a sdělovací prostředky";"Ostatní činnosti v záležitostech kultury, církví a sdělovacích prostředků";"1.1.1900";"31.12.9999"
"3399";"Ostatní záležitosti kultury, církví a sdělovacích prostředků";"Služby pro obyvatelstvo";"Kultura, církve a sdělovací prostředky";"Ostatní činnosti v záležitostech kultury, církví a sdělovacích prostředků";"1.1.1900";"31.12.9999"
"3411";"Státní sportovní reprezentace";"Služby pro obyvatelstvo";"Tělovýchova a zájmová činnost";"Tělovýchova";"1.1.1900";"31.12.9999"
"3412";"Sportovní zařízení v majetku obcí";"Služby pro obyvatelstvo";"Tělovýchova a zájmová činnost";"Tělovýchova";"1.1.1900";"31.12.9999"
"3419";"Ostatní tělovýchovná činnost";"Služby pro obyvatelstvo";"Tělovýchova a zájmová činnost";"Tělovýchova";"1.1.1900";"31.12.9999"
"3421";"Využití volného času dětí a mládeže";"Služby pro obyvatelstvo";"Tělovýchova a zájmová činnost";"Zájmová činnost a rekreace";"1.1.1900";"31.12.9999"
"3429";"Ostatní zájmová činnost a rekreace";"Služby pro obyvatelstvo";"Tělovýchova a zájmová činnost";"Zájmová činnost a rekreace";"1.1.1900";"31.12.9999"
"3480";"Výzkum v oblasti tělovýchovy, zájmové činnosti a rekreace";"Služby pro obyvatelstvo";"Tělovýchova a zájmová činnost";"Výzkum v oblasti tělovýchovy, zájmové činnosti a rekreace";"1.1.1900";"31.12.9999"
"3511";"Všeobecná ambulantní péče";"Služby pro obyvatelstvo";"Zdravotnictví";"Ambulantní péče";"1.1.1900";"31.12.9999"
"3512";"Stomatologická péče";"Služby pro obyvatelstvo";"Zdravotnictví";"Ambulantní péče";"1.1.1900";"31.12.9999"
"3513";"Lékařská služba první pomoci";"Služby pro obyvatelstvo";"Zdravotnictví";"Ambulantní péče";"1.1.1900";"31.12.9999"
"3514";"Transfúzní služba a tkáňová zařízení";"Služby pro obyvatelstvo";"Zdravotnictví";"Ambulantní péče";"1.1.1900";"31.12.9999"
"3515";"Specializovaná ambulantní zdravotní péče";"Služby pro obyvatelstvo";"Zdravotnictví";"Ambulantní péče";"1.1.1900";"31.12.9999"
"3516";"Péče v mateřství";"Služby pro obyvatelstvo";"Zdravotnictví";"Ambulantní péče";"1.1.1900";"31.12.9999"
"3519";"Ostatní ambulantní péče";"Služby pro obyvatelstvo";"Zdravotnictví";"Ambulantní péče";"1.1.1900";"31.12.9999"
"3521";"Fakultní nemocnice";"Služby pro obyvatelstvo";"Zdravotnictví";"Ústavní péče";"1.1.1900";"31.12.9999"
"3522";"Ostatní nemocnice";"Služby pro obyvatelstvo";"Zdravotnictví";"Ústavní péče";"1.1.1900";"31.12.9999"
"3523";"Odborné léčebné ústavy";"Služby pro obyvatelstvo";"Zdravotnictví";"Ústavní péče";"1.1.1900";"31.12.9999"
"3524";"Léčebny dlouhodobě nemocných";"Služby pro obyvatelstvo";"Zdravotnictví";"Ústavní péče";"1.1.1900";"31.12.9999"
"3525";"Hospice";"Služby pro obyvatelstvo";"Zdravotnictví";"Ústavní péče";"1.1.1900";"31.12.9999"
"3526";"Lázeňské léčebny, ozdravovny, sanatoria";"Služby pro obyvatelstvo";"Zdravotnictví";"Ústavní péče";"1.1.1900";"31.12.9999"
"3527";"Vysoce specializovaná pracoviště a jednooborové zařízení lůžkové péče";"Služby pro obyvatelstvo";"Zdravotnictví";"Ústavní péče";"1.1.1900";"31.12.9999"
"3529";"Ostatní ústavní péče";"Služby pro obyvatelstvo";"Zdravotnictví";"Ústavní péče";"1.1.1900";"31.12.9999"
"3531";"Hygienická služba a ochrana veřejného zdraví";"Služby pro obyvatelstvo";"Zdravotnictví";"Zvláštní zdravotnická zařízení a služby pro zdravotnictví";"1.1.1900";"31.12.9999"
"3532";"Lékárenská služba (léky, protézy a přístroje pro užití vně zdravotnických zařízení)";"Služby pro obyvatelstvo";"Zdravotnictví";"Zvláštní zdravotnická zařízení a služby pro zdravotnictví";"1.1.1900";"31.12.9999"
"3533";"Zdravotnická záchranná služba";"Služby pro obyvatelstvo";"Zdravotnictví";"Zvláštní zdravotnická zařízení a služby pro zdravotnictví";"1.1.1900";"31.12.9999"
"3534";"Doprava ve zdravotnictví";"Služby pro obyvatelstvo";"Zdravotnictví";"Zvláštní zdravotnická zařízení a služby pro zdravotnictví";"1.1.1900";"31.12.9999"
"3539";"Ostatní zdravotnická zařízení a služby pro zdravotnictví";"Služby pro obyvatelstvo";"Zdravotnictví";"Zvláštní zdravotnická zařízení a služby pro zdravotnictví";"1.1.1900";"31.12.9999"
"3541";"Prevence před drogami, alkoholem, nikotinem aj. závislostmi";"Služby pro obyvatelstvo";"Zdravotnictví";"Zdravotnické programy";"1.1.1900";"31.12.9999"
"3542";"Prevence HIV/AIDS";"Služby pro obyvatelstvo";"Zdravotnictví";"Zdravotnické programy";"1.1.1900";"31.12.9999"
"3543";"Pomoc zdravotně postiženým a chronicky nemocným";"Služby pro obyvatelstvo";"Zdravotnictví";"Zdravotnické programy";"1.1.1900";"31.12.9999"
"3544";"Národní program zdraví";"Služby pro obyvatelstvo";"Zdravotnictví";"Zdravotnické programy";"1.1.1900";"31.12.9999"
"3545";"Programy paliativní péče";"Služby pro obyvatelstvo";"Zdravotnictví";"Zdravotnické programy";"1.1.1900";"31.12.9999"
"3549";"Ostatní speciální zdravotnická péče";"Služby pro obyvatelstvo";"Zdravotnictví";"Zdravotnické programy";"1.1.1900";"31.12.9999"
"3561";"Činnost ústředního orgánu státní správy ve zdravotnictví";"Služby pro obyvatelstvo";"Zdravotnictví";"Správa ve zdravotnictví";"1.1.1900";"31.12.9999"
"3562";"Činnost ostatních orgánů státní správy ve zdravotnictví";"Služby pro obyvatelstvo";"Zdravotnictví";"Správa ve zdravotnictví";"1.1.1900";"31.12.9999"
"3569";"Ostatní správa ve zdravotnictví jinde nezařazená";"Služby pro obyvatelstvo";"Zdravotnictví";"Správa ve zdravotnictví";"1.1.1900";"31.12.9999"
"3581";"Organizace výzkumu a střediska vědeckých informací";"Služby pro obyvatelstvo";"Zdravotnictví";"Výzkum a vývoj ve zdravotnictví";"1.1.1900";"31.12.9999"
"3589";"Ostatní výzkum a vývoj ve zdravotnictví";"Služby pro obyvatelstvo";"Zdravotnictví";"Výzkum a vývoj ve zdravotnictví";"1.1.1900";"31.12.9999"
"3591";"Mezinárodní spolupráce ve zdravotnictví";"Služby pro obyvatelstvo";"Zdravotnictví";"Ostatní činnost ve zdravotnictví";"1.1.1900";"31.12.9999"
"3592";"Další vzdělávání pracovníků ve zdravotnictví";"Služby pro obyvatelstvo";"Zdravotnictví";"Ostatní činnost ve zdravotnictví";"1.1.1900";"31.12.9999"
"3599";"Ostatní činnost ve zdravotnictví";"Služby pro obyvatelstvo";"Zdravotnictví";"Ostatní činnost ve zdravotnictví";"1.1.1900";"31.12.9999"
"3611";"Podpora individuální bytové výstavby";"Služby pro obyvatelstvo";"Bydlení, komunální služby a územní rozvoj";"Rozvoj bydlení a bytové hospodářství";"1.1.1900";"31.12.9999"
"3612";"Bytové hospodářství";"Služby pro obyvatelstvo";"Bydlení, komunální služby a územní rozvoj";"Rozvoj bydlení a bytové hospodářství";"1.1.1900";"31.12.9999"
"3613";"Nebytové hospodářství";"Služby pro obyvatelstvo";"Bydlení, komunální služby a územní rozvoj";"Rozvoj bydlení a bytové hospodářství";"1.1.1900";"31.12.9999"
"3614";"Bytové služby pro vlastní zaměstnance";"Služby pro obyvatelstvo";"Bydlení, komunální služby a územní rozvoj";"Rozvoj bydlení a bytové hospodářství";"1.1.1900";"31.12.9999"
"3615";"Podpora stavebního spoření a hypotečních úvěrů";"Služby pro obyvatelstvo";"Bydlení, komunální služby a územní rozvoj";"Rozvoj bydlení a bytové hospodářství";"1.1.1900";"31.12.9999"
"3619";"Ostatní rozvoj bydlení a bytového hospodářství";"Služby pro obyvatelstvo";"Bydlení, komunální služby a územní rozvoj";"Rozvoj bydlení a bytové hospodářství";"1.1.1900";"31.12.9999"
"3631";"Veřejné osvětlení";"Služby pro obyvatelstvo";"Bydlení, komunální služby a územní rozvoj";"Komunální služby a územní rozvoj";"1.1.1900";"31.12.9999"
"3632";"Pohřebnictví";"Služby pro obyvatelstvo";"Bydlení, komunální služby a územní rozvoj";"Komunální služby a územní rozvoj";"1.1.1900";"31.12.9999"
"3633";"Výstavba a údržba místních inženýrských sítí";"Služby pro obyvatelstvo";"Bydlení, komunální služby a územní rozvoj";"Komunální služby a územní rozvoj";"1.1.1900";"31.12.9999"
"3634";"Lokální zásobování teplem";"Služby pro obyvatelstvo";"Bydlení, komunální služby a územní rozvoj";"Komunální služby a územní rozvoj";"1.1.1900";"31.12.9999"
"3635";"Územní plánování";"Služby pro obyvatelstvo";"Bydlení, komunální služby a územní rozvoj";"Komunální služby a územní rozvoj";"1.1.1900";"31.12.9999"
"3636";"Územní rozvoj";"Služby pro obyvatelstvo";"Bydlení, komunální služby a územní rozvoj";"Komunální služby a územní rozvoj";"1.1.1900";"31.12.9999"
"3639";"Komunální služby a územní rozvoj jinde nezařazené";"Služby pro obyvatelstvo";"Bydlení, komunální služby a územní rozvoj";"Komunální služby a územní rozvoj";"1.1.1900";"31.12.9999"
"3661";"Činnost ústředního orgánu státní správy v oblasti bydlení, komunálních služeb a územního rozvoje";"Služby pro obyvatelstvo";"Bydlení, komunální služby a územní rozvoj";"Správa v oblasti bydlení, komunálních služeb a územního rozvoje";"1.1.1900";"31.12.9999"
"3662";"Činnost ostatních orgánů státní správy v oblasti bydlení, komunálních služeb a územního rozvoje";"Služby pro obyvatelstvo";"Bydlení, komunální služby a územní rozvoj";"Správa v oblasti bydlení, komunálních služeb a územního rozvoje";"1.1.1900";"31.12.9999"
"3669";"Ostatní správa v oblasti v oblasti bydlení, komunálních služeb a územního rozvoje jinde nezařazená";"Služby pro obyvatelstvo";"Bydlení, komunální služby a územní rozvoj";"Správa v oblasti bydlení, komunálních služeb a územního rozvoje";"1.1.1900";"31.12.9999"
"3680";"Výzkum a vývoj v oblasti bydlení, komunálních služeb a územního rozvoje";"Služby pro obyvatelstvo";"Bydlení, komunální služby a územní rozvoj";"Výzkum a vývoj v oblasti bydlení, komunálních služeb a územního rozvoje";"1.1.1900";"31.12.9999"
"3691";"Mezinárodní spolupráce v oblasti bydlení, komunálních služeb a územního rozvoje";"Služby pro obyvatelstvo";"Bydlení, komunální služby a územní rozvoj";"Ostatní činnost v oblasti bydlení, komunálních služeb a územního rozvoje";"1.1.1900";"31.12.9999"
"3699";"Ostatní záležitosti bydlení, komunálních služeb a územního rozvoje";"Služby pro obyvatelstvo";"Bydlení, komunální služby a územní rozvoj";"Ostatní činnost v oblasti bydlení, komunálních služeb a územního rozvoje";"1.1.1900";"31.12.9999"
"3711";"Odstraňování tuhých emisí";"Služby pro obyvatelstvo";"Ochrana životního prostředí";"Ochrana ovzduší a klimatu";"1.1.1900";"31.12.9999"
"3712";"Odstraňování plynných emisí";"Služby pro obyvatelstvo";"Ochrana životního prostředí";"Ochrana ovzduší a klimatu";"1.1.1900";"31.12.9999"
"3713";"Změny technologií vytápění";"Služby pro obyvatelstvo";"Ochrana životního prostředí";"Ochrana ovzduší a klimatu";"1.1.1900";"31.12.9999"
"3714";"Opatření ke snižování produkce skleníkových plynů a plynů poškozujících ozónovou vrstvu";"Služby pro obyvatelstvo";"Ochrana životního prostředí";"Ochrana ovzduší a klimatu";"1.1.1900";"31.12.9999"
"3715";"Změny výrobních technologií za účelem výrazného odstranění emisí";"Služby pro obyvatelstvo";"Ochrana životního prostředí";"Ochrana ovzduší a klimatu";"1.1.1900";"31.12.9999"
"3716";"Monitoring ochrany ovzduší";"Služby pro obyvatelstvo";"Ochrana životního prostředí";"Ochrana ovzduší a klimatu";"1.1.1900";"31.12.9999"
"3719";"Ostatní činnosti k ochraně ovzduší";"Služby pro obyvatelstvo";"Ochrana životního prostředí";"Ochrana ovzduší a klimatu";"1.1.1900";"31.12.9999"
"3721";"Sběr a svoz nebezpečných odpadů";"Služby pro obyvatelstvo";"Ochrana životního prostředí";"Nakládání s odpady";"1.1.1900";"31.12.9999"
"3722";"Sběr a svoz komunálních odpadů";"Služby pro obyvatelstvo";"Ochrana životního prostředí";"Nakládání s odpady";"1.1.1900";"31.12.9999"
"3723";"Sběr a svoz ostatních odpadů (jiných než nebezpečných a komunálních)";"Služby pro obyvatelstvo";"Ochrana životního prostředí";"Nakládání s odpady";"1.1.1900";"31.12.9999"
"3724";"Využívání a zneškodňování nebezpečných odpadů";"Služby pro obyvatelstvo";"Ochrana životního prostředí";"Nakládání s odpady";"1.1.1900";"31.12.9999"
"3725";"Využívání a zneškodňování komunálních odpadů";"Služby pro obyvatelstvo";"Ochrana životního prostředí";"Nakládání s odpady";"1.1.1900";"31.12.9999"
"3726";"Využívání a zneškodňování ostatních odpadů";"Služby pro obyvatelstvo";"Ochrana životního prostředí";"Nakládání s odpady";"1.1.1900";"31.12.9999"
"3727";"Prevence vzniku odpadů";"Služby pro obyvatelstvo";"Ochrana životního prostředí";"Nakládání s odpady";"1.1.1900";"31.12.9999"
"3728";"Monitoring nakládání s odpady";"Služby pro obyvatelstvo";"Ochrana životního prostředí";"Nakládání s odpady";"1.1.1900";"31.12.9999"
"3729";"Ostatní nakládání s odpady";"Služby pro obyvatelstvo";"Ochrana životního prostředí";"Nakládání s odpady";"1.1.1900";"31.12.9999"
"3731";"Ochrana půdy a podzemní vody proti znečišťujícím infiltracím";"Služby pro obyvatelstvo";"Ochrana životního prostředí";"Ochrana a sanace půdy a podzemní vody";"1.1.1900";"31.12.9999"
"3732";"Dekontaminace půd a čištění spodní vody";"Služby pro obyvatelstvo";"Ochrana životního prostředí";"Ochrana a sanace půdy a podzemní vody";"1.1.1900";"31.12.9999"
"3733";"Monitoring půdy a podzemní vody";"Služby pro obyvatelstvo";"Ochrana životního prostředí";"Ochrana a sanace půdy a podzemní vody";"1.1.1900";"31.12.9999"
"3734";"Předcházení a sanace zasolení půd";"Služby pro obyvatelstvo";"Ochrana životního prostředí";"Ochrana a sanace půdy a podzemní vody";"1.1.1900";"31.12.9999"
"3739";"Ostatní ochrana půdy a spodní vody";"Služby pro obyvatelstvo";"Ochrana životního prostředí";"Ochrana a sanace půdy a podzemní vody";"1.1.1900";"31.12.9999"
"3741";"Ochrana druhů a stanovišť";"Služby pro obyvatelstvo";"Ochrana životního prostředí";"Ochrana přírody a krajiny";"1.1.1900";"31.12.9999"
"3742";"Chráněné části přírody";"Služby pro obyvatelstvo";"Ochrana životního prostředí";"Ochrana přírody a krajiny";"1.1.1900";"31.12.9999"
"3743";"Rekultivace půdy v důsledku těžební a důlní činnosti, po skládkách odpadů apod.";"Služby pro obyvatelstvo";"Ochrana životního prostředí";"Ochrana přírody a krajiny";"1.1.1900";"31.12.9999"
"3744";"Protierozní, protilavinová a protipožární ochrana";"Služby pro obyvatelstvo";"Ochrana životního prostředí";"Ochrana přírody a krajiny";"1.1.1900";"31.12.9999"
"3745";"Péče o vzhled obcí a veřejnou zeleň";"Služby pro obyvatelstvo";"Ochrana životního prostředí";"Ochrana přírody a krajiny";"1.1.1900";"31.12.9999"
"3749";"Ostatní činnosti k ochraně přírody a krajiny";"Služby pro obyvatelstvo";"Ochrana životního prostředí";"Ochrana přírody a krajiny";"1.1.1900";"31.12.9999"
"3751";"Konstrukce a uplatnění protihlukových zařízení (protihlukové stěny a bariéry, okna, zapouzdření strojů apod.)";"Služby pro obyvatelstvo";"Ochrana životního prostředí";"Omezování hluku a vibrací";"1.1.1900";"31.12.9999"
"3753";"Monitoring ke zjišťování úrovně hluku a vibrací";"Služby pro obyvatelstvo";"Ochrana životního prostředí";"Omezování hluku a vibrací";"1.1.1900";"31.12.9999"
"3759";"Ostatní činnosti k omezení hluku a vibrací";"Služby pro obyvatelstvo";"Ochrana životního prostředí";"Omezování hluku a vibrací";"1.1.1900";"31.12.9999"
"3761";"Činnost ústředního orgánu státní správy v ochraně životního prostředí";"Služby pro obyvatelstvo";"Ochrana životního prostředí";"Správa v ochraně životního prostředí";"1.1.1900";"31.12.9999"
"3762";"Činnost ostatních orgánů státní správy v ochraně životního prostředí";"Služby pro obyvatelstvo";"Ochrana životního prostředí";"Správa v ochraně životního prostředí";"1.1.1900";"31.12.9999"
"3769";"Ostatní správa v ochraně životního prostředí";"Služby pro obyvatelstvo";"Ochrana životního prostředí";"Správa v ochraně životního prostředí";"1.1.1900";"31.12.9999"
"3771";"Protiradonová opatření";"Služby pro obyvatelstvo";"Ochrana životního prostředí";"Ochrana proti záření";"1.1.1900";"31.12.9999"
"3772";"Přeprava a nakládání s vysoce radioaktivním odpadem";"Služby pro obyvatelstvo";"Ochrana životního prostředí";"Ochrana proti záření";"1.1.1900";"31.12.9999"
"3773";"Monitoring k zajišťování úrovně radioaktivního záření";"Služby pro obyvatelstvo";"Ochrana životního prostředí";"Ochrana proti záření";"1.1.1900";"31.12.9999"
"3779";"Ostatní činnosti k ochraně proti záření";"Služby pro obyvatelstvo";"Ochrana životního prostředí";"Ochrana proti záření";"1.1.1900";"31.12.9999"
"3780";"Výzkum životního prostředí";"Služby pro obyvatelstvo";"Ochrana životního prostředí";"Výzkum životního prostředí";"1.1.1900";"31.12.9999"
"3791";"Mezinárodní spolupráce v životním prostředí";"Služby pro obyvatelstvo";"Ochrana životního prostředí";"Ostatní činnosti v životním prostředí";"1.1.1900";"31.12.9999"
"3792";"Ekologická výchova a osvěta";"Služby pro obyvatelstvo";"Ochrana životního prostředí";"Ostatní činnosti v životním prostředí";"1.1.1900";"31.12.9999"
"3793";"Ekologie v dopravě";"Služby pro obyvatelstvo";"Ochrana životního prostředí";"Ostatní činnosti v životním prostředí";"1.1.1900";"31.12.9999"
"3799";"Ostatní ekologické záležitosti";"Služby pro obyvatelstvo";"Ochrana životního prostředí";"Ostatní činnosti v životním prostředí";"1.1.1900";"31.12.9999"
"3801";"Akademie věd České republiky";"Služby pro obyvatelstvo";"Ostatní výzkum a vývoj";"Ostatní výzkum a vývoj";"1.1.1900";"31.12.9999"
"3802";"Grantová agentura České republiky";"Služby pro obyvatelstvo";"Ostatní výzkum a vývoj";"Ostatní výzkum a vývoj";"1.1.1900";"31.12.9999"
"3803";"Technologická agentura České republiky";"Služby pro obyvatelstvo";"Ostatní výzkum a vývoj";"Ostatní výzkum a vývoj";"1.1.1900";"31.12.9999"
"3809";"Ostatní výzkum a vývoj odvětvově nespecifikovaný";"Služby pro obyvatelstvo";"Ostatní výzkum a vývoj";"Ostatní výzkum a vývoj";"1.1.1900";"31.12.9999"
"3900";"Ostatní činnosti související se službami pro obyvatelstvo";"Služby pro obyvatelstvo";"Ostatní činnosti související se službami pro obyvatelstvo";"Ostatní činnosti související se službami pro obyvatelstvo";"1.1.1900";"31.12.9999"
"4111";"Starobní důchody";"Sociální věci a politika zaměstnanosti";"Dávky a podpory v sociálním zabezpečení";"Dávky důchodového pojištění";"1.1.1900";"31.12.9999"
"4112";"Invalidní důchody pro invaliditu třetího stupně";"Sociální věci a politika zaměstnanosti";"Dávky a podpory v sociálním zabezpečení";"Dávky důchodového pojištění";"1.1.1900";"31.12.9999"
"4113";"Invalidní důchody pro invaliditu druhého stupně";"Sociální věci a politika zaměstnanosti";"Dávky a podpory v sociálním zabezpečení";"Dávky důchodového pojištění";"1.1.1900";"31.12.9999"
"4114";"Vdovské důchody";"Sociální věci a politika zaměstnanosti";"Dávky a podpory v sociálním zabezpečení";"Dávky důchodového pojištění";"1.1.1900";"31.12.9999"
"4115";"Vdovecké důchody";"Sociální věci a politika zaměstnanosti";"Dávky a podpory v sociálním zabezpečení";"Dávky důchodového pojištění";"1.1.1900";"31.12.9999"
"4116";"Sirotčí důchody";"Sociální věci a politika zaměstnanosti";"Dávky a podpory v sociálním zabezpečení";"Dávky důchodového pojištění";"1.1.1900";"31.12.9999"
"4117";"Invalidní důchody pro invaliditu prvního stupně";"Sociální věci a politika zaměstnanosti";"Dávky a podpory v sociálním zabezpečení";"Dávky důchodového pojištění";"1.1.1900";"31.12.9999"
"4119";"Ostatní dávky důchodového pojištění";"Sociální věci a politika zaměstnanosti";"Dávky a podpory v sociálním zabezpečení";"Dávky důchodového pojištění";"1.1.1900";"31.12.9999"
"4121";"Nemocenské";"Sociální věci a politika zaměstnanosti";"Dávky a podpory v sociálním zabezpečení";"Dávky nemocenského pojištění";"1.1.1900";"31.12.9999"
"4122";"Ošetřovné";"Sociální věci a politika zaměstnanosti";"Dávky a podpory v sociálním zabezpečení";"Dávky nemocenského pojištění";"1.1.1900";"31.12.9999"
"4123";"Vyrovnávací příspěvek v těhotenství a mateřství";"Sociální věci a politika zaměstnanosti";"Dávky a podpory v sociálním zabezpečení";"Dávky nemocenského pojištění";"1.1.1900";"31.12.9999"
"4124";"Peněžitá pomoc v mateřství";"Sociální věci a politika zaměstnanosti";"Dávky a podpory v sociálním zabezpečení";"Dávky nemocenského pojištění";"1.1.1900";"31.12.9999"
"4129";"Dávky nemocenského pojištění jinde nezařazené";"Sociální věci a politika zaměstnanosti";"Dávky a podpory v sociálním zabezpečení";"Dávky nemocenského pojištění";"1.1.1900";"31.12.9999"
"4131";"Přídavek na dítě";"Sociální věci a politika zaměstnanosti";"Dávky a podpory v sociálním zabezpečení";"Dávky státní sociální podpory a dávky pěstounské péče";"1.1.1900";"31.12.9999"
"4132";"Sociální příplatek";"Sociální věci a politika zaměstnanosti";"Dávky a podpory v sociálním zabezpečení";"Dávky státní sociální podpory a dávky pěstounské péče";"1.1.1900";"31.12.9999"
"4133";"Porodné";"Sociální věci a politika zaměstnanosti";"Dávky a podpory v sociálním zabezpečení";"Dávky státní sociální podpory a dávky pěstounské péče";"1.1.1900";"31.12.9999"
"4134";"Rodičovský příspěvek";"Sociální věci a politika zaměstnanosti";"Dávky a podpory v sociálním zabezpečení";"Dávky státní sociální podpory a dávky pěstounské péče";"1.1.1900";"31.12.9999"
"4136";"Dávky pěstounské péče";"Sociální věci a politika zaměstnanosti";"Dávky a podpory v sociálním zabezpečení";"Dávky státní sociální podpory a dávky pěstounské péče";"1.1.1900";"31.12.9999"
"4138";"Pohřebné";"Sociální věci a politika zaměstnanosti";"Dávky a podpory v sociálním zabezpečení";"Dávky státní sociální podpory a dávky pěstounské péče";"1.1.1900";"31.12.9999"
"4141";"Příspěvek na bydlení";"Sociální věci a politika zaměstnanosti";"Dávky a podpory v sociálním zabezpečení";"Dávky státní sociální podpory a dávky pěstounské péče";"1.1.1900";"31.12.9999"
"4142";"Příspěvek na školní pomůcky";"Sociální věci a politika zaměstnanosti";"Dávky a podpory v sociálním zabezpečení";"Dávky státní sociální podpory a dávky pěstounské péče";"1.1.1900";"31.12.9999"
"4149";"Dávky státní sociální podpory jinde nezařazené";"Sociální věci a politika zaměstnanosti";"Dávky a podpory v sociálním zabezpečení";"Dávky státní sociální podpory a dávky pěstounské péče";"1.1.1900";"31.12.9999"
"4151";"Odchodné";"Sociální věci a politika zaměstnanosti";"Dávky a podpory v sociálním zabezpečení";"Zvláštní sociální dávky příslušníků ozbrojených sil při skončení služebního poměru";"1.1.2012";"31.12.9999"
"4152";"Výsluhový příspěvek";"Sociální věci a politika zaměstnanosti";"Dávky a podpory v sociálním zabezpečení";"Zvláštní sociální dávky příslušníků ozbrojených sil při skončení služebního poměru";"1.1.2012";"31.12.9999"
"4153";"Úmrtné a příspěvek na pohřeb příslušníka";"Sociální věci a politika zaměstnanosti";"Dávky a podpory v sociálním zabezpečení";"Zvláštní sociální dávky příslušníků ozbrojených sil při skončení služebního poměru";"1.1.2012";"31.12.9999"
"4154";"Odbytné";"Sociální věci a politika zaměstnanosti";"Dávky a podpory v sociálním zabezpečení";"Zvláštní sociální dávky příslušníků ozbrojených sil při skončení služebního poměru";"1.1.2012";"31.12.9999"
"4159";"Ostatní sociální dávky příslušníků ozbrojených sil při skončení služebního poměru";"Sociální věci a politika zaměstnanosti";"Dávky a podpory v sociálním zabezpečení";"Zvláštní sociální dávky příslušníků ozbrojených sil při skončení služebního poměru";"1.1.2012";"31.12.9999"
"4161";"Úrazový příplatek";"Sociální věci a politika zaměstnanosti";"Dávky a podpory v sociálním zabezpečení";"Dávky úrazového pojištění";"1.1.1900";"31.12.9999"
"4162";"Úrazové vyrovnání";"Sociální věci a politika zaměstnanosti";"Dávky a podpory v sociálním zabezpečení";"Dávky úrazového pojištění";"1.1.1900";"31.12.9999"
"4163";"Bolestné";"Sociální věci a politika zaměstnanosti";"Dávky a podpory v sociálním zabezpečení";"Dávky úrazového pojištění";"1.1.1900";"31.12.9999"
"4164";"Příspěvek za ztížení společenského uplatnění";"Sociální věci a politika zaměstnanosti";"Dávky a podpory v sociálním zabezpečení";"Dávky úrazového pojištění";"1.1.1900";"31.12.9999"
"4165";"Náhrada nákladů spojených s léčením";"Sociální věci a politika zaměstnanosti";"Dávky a podpory v sociálním zabezpečení";"Dávky úrazového pojištění";"1.1.1900";"31.12.9999"
"4166";"Náhrada nákladů spojených s pohřbem";"Sociální věci a politika zaměstnanosti";"Dávky a podpory v sociálním zabezpečení";"Dávky úrazového pojištění";"1.1.1900";"31.12.9999"
"4167";"Jednorázový příspěvek pozůstalému";"Sociální věci a politika zaměstnanosti";"Dávky a podpory v sociálním zabezpečení";"Dávky úrazového pojištění";"1.1.1900";"31.12.9999"
"4168";"Úrazová renta pozůstalého";"Sociální věci a politika zaměstnanosti";"Dávky a podpory v sociálním zabezpečení";"Dávky úrazového pojištění";"1.1.1900";"31.12.9999"
"4169";"Ostatní dávky úrazového pojištění";"Sociální věci a politika zaměstnanosti";"Dávky a podpory v sociálním zabezpečení";"Dávky úrazového pojištění";"1.1.1900";"31.12.9999"
"4171";"Příspěvek na živobytí";"Sociální věci a politika zaměstnanosti";"Dávky a podpory v sociálním zabezpečení";"Dávky pomoci v hmotné nouzi";"1.1.1900";"31.12.9999"
"4172";"Doplatek na bydlení";"Sociální věci a politika zaměstnanosti";"Dávky a podpory v sociálním zabezpečení";"Dávky pomoci v hmotné nouzi";"1.1.1900";"31.12.9999"
"4173";"Mimořádná okamžitá pomoc";"Sociální věci a politika zaměstnanosti";"Dávky a podpory v sociálním zabezpečení";"Dávky pomoci v hmotné nouzi";"1.1.1900";"31.12.9999"
"4177";"Mimořádná okamžitá pomoc osobám ohroženým sociálním vyloučením";"Sociální věci a politika zaměstnanosti";"Dávky a podpory v sociálním zabezpečení";"Dávky pomoci v hmotné nouzi";"1.1.1900";"31.12.9999"
"4179";"Ostatní dávky sociální pomoci";"Sociální věci a politika zaměstnanosti";"Dávky a podpory v sociálním zabezpečení";"Dávky pomoci v hmotné nouzi";"1.1.1900";"31.12.9999"
"4182";"Příspěvek na zvláštní pomůcky";"Sociální věci a politika zaměstnanosti";"Dávky a podpory v sociálním zabezpečení";"Dávky osobám se zdravotním postižením";"1.1.1900";"31.12.9999"
"4183";"Příspěvek na úpravu a provoz bezbariérového bytu";"Sociální věci a politika zaměstnanosti";"Dávky a podpory v sociálním zabezpečení";"Dávky osobám se zdravotním postižením";"1.1.1900";"31.12.9999"
"4184";"Příspěvky na zakoupení, opravu a zvláštní úpravu motorového vozidla";"Sociální věci a politika zaměstnanosti";"Dávky a podpory v sociálním zabezpečení";"Dávky osobám se zdravotním postižením";"1.1.1900";"31.12.9999"
"4185";"Příspěvek na provoz motorového vozidla";"Sociální věci a politika zaměstnanosti";"Dávky a podpory v sociálním zabezpečení";"Dávky osobám se zdravotním postižením";"1.1.1900";"31.12.9999"
"4186";"Příspěvek na individuální dopravu";"Sociální věci a politika zaměstnanosti";"Dávky a podpory v sociálním zabezpečení";"Dávky osobám se zdravotním postižením";"1.1.1900";"31.12.9999"
"4187";"Příspěvek na mobilitu";"Sociální věci a politika zaměstnanosti";"Dávky a podpory v sociálním zabezpečení";"Dávky osobám se zdravotním postižením";"1.1.2012";"31.12.9999"
"4188";"Příspěvek na zvláštní pomůcku";"Sociální věci a politika zaměstnanosti";"Dávky a podpory v sociálním zabezpečení";"Dávky osobám se zdravotním postižením";"1.1.2012";"31.12.9999"
"4189";"Ostatní dávky zdravotně postiženým občanům";"Sociální věci a politika zaměstnanosti";"Dávky a podpory v sociálním zabezpečení";"Dávky osobám se zdravotním postižením";"1.1.1900";"31.12.9999"
"4191";"Státní příspěvky na důchodové připojištění";"Sociální věci a politika zaměstnanosti";"Dávky a podpory v sociálním zabezpečení";"Ostatní dávky povahy sociálního zabezpečení";"1.1.1900";"31.12.9999"
"4192";"Úrokové příspěvky mladým manželstvím";"Sociální věci a politika zaměstnanosti";"Dávky a podpory v sociálním zabezpečení";"Ostatní dávky povahy sociálního zabezpečení";"1.1.1900";"31.12.9999"
"4193";"Dávky a odškodnění válečným veteránům a perzekvovaným osobám";"Sociální věci a politika zaměstnanosti";"Dávky a podpory v sociálním zabezpečení";"Ostatní dávky povahy sociálního zabezpečení";"1.1.1900";"31.12.9999"
"4194";"Zvýšení důchodů pro bezmocnost";"Sociální věci a politika zaměstnanosti";"Dávky a podpory v sociálním zabezpečení";"Ostatní dávky povahy sociálního zabezpečení";"1.1.1900";"31.12.9999"
"4195";"Příspěvek na péči";"Sociální věci a politika zaměstnanosti";"Dávky a podpory v sociálním zabezpečení";"Ostatní dávky povahy sociálního zabezpečení";"1.1.1900";"31.12.9999"
"4199";"Ostatní dávky povahy sociálního zabezpečení jinde nezařazené";"Sociální věci a politika zaměstnanosti";"Dávky a podpory v sociálním zabezpečení";"Ostatní dávky povahy sociálního zabezpečení";"1.1.1900";"31.12.9999"
"4210";"Podpory v nezaměstnanosti";"Sociální věci a politika zaměstnanosti";"Politika zaměstnanosti";"Podpory v nezaměstnanosti";"1.1.1900";"31.12.9999"
"4221";"Rekvalifikace";"Sociální věci a politika zaměstnanosti";"Politika zaměstnanosti";"Aktivní politika zaměstnanosti";"1.1.1900";"31.12.9999"
"4222";"Veřejně prospěšné práce";"Sociální věci a politika zaměstnanosti";"Politika zaměstnanosti";"Aktivní politika zaměstnanosti";"1.1.1900";"31.12.9999"
"4223";"Společensky účelná pracovní místa";"Sociální věci a politika zaměstnanosti";"Politika zaměstnanosti";"Aktivní politika zaměstnanosti";"1.1.1900";"31.12.9999"
"4225";"Podpora zaměstnanosti zdravotně postižených občanů";"Sociální věci a politika zaměstnanosti";"Politika zaměstnanosti";"Aktivní politika zaměstnanosti";"1.1.1900";"31.12.9999"
"4226";"Ostatní podpora zaměstnanosti";"Sociální věci a politika zaměstnanosti";"Politika zaměstnanosti";"Aktivní politika zaměstnanosti";"1.1.1900";"31.12.9999"
"4227";"Cílené programy k řešení zaměstnanosti";"Sociální věci a politika zaměstnanosti";"Politika zaměstnanosti";"Aktivní politika zaměstnanosti";"1.1.1900";"31.12.9999"
"4229";"Aktivní politika zaměstnanosti jinde nezařazená";"Sociální věci a politika zaměstnanosti";"Politika zaměstnanosti";"Aktivní politika zaměstnanosti";"1.1.1900";"31.12.9999"
"4230";"Ochrana zaměstnanců při platební neschopnosti zaměstnavatelů";"Sociální věci a politika zaměstnanosti";"Politika zaměstnanosti";"Ochrana zaměstnanců při platební neschopnosti zaměstnavatelů";"1.1.1900";"31.12.9999"
"4240";"Příspěvek zaměstnavatelům zaměstnávajícím více než 50% občanů se změněnou pracovní schopností";"Sociální věci a politika zaměstnanosti";"Politika zaměstnanosti";"Zaměstnávání zdravotně postižených občanů";"1.1.1900";"31.12.9999"
"4250";"Příspěvky na sociální důsledky restrukturalizace";"Sociální věci a politika zaměstnanosti";"Politika zaměstnanosti";"Příspěvky na sociální důsledky restrukturalizace";"1.1.1900";"31.12.9999"
"4280";"Výzkum a vývoj v politice zaměstnanosti";"Sociální věci a politika zaměstnanosti";"Politika zaměstnanosti";"Výzkum a vývoj v politice zaměstnanosti";"1.1.1900";"31.12.9999"
"4311";"Základní sociální poradenství";"Sociální věci a politika zaměstnanosti";"Sociální služby a společné činnosti v sociálním zabezpečení a politice zaměstnanosti";"Sociální poradenství";"1.1.1900";"31.12.9999"
"4312";"Odborné sociální poradenství";"Sociální věci a politika zaměstnanosti";"Sociální služby a společné činnosti v sociálním zabezpečení a politice zaměstnanosti";"Sociální poradenství";"1.1.1900";"31.12.9999"
"4319";"Ostatní výdaje související se sociálním poradenstvím";"Sociální věci a politika zaměstnanosti";"Sociální služby a společné činnosti v sociálním zabezpečení a politice zaměstnanosti";"Sociální poradenství";"1.1.1900";"31.12.9999"
"4324";"Zařízení pro děti vyžadující okamžitou pomoc";"Sociální věci a politika zaměstnanosti";"Sociální služby a společné činnosti v sociálním zabezpečení a politice zaměstnanosti";"Sociální péče a pomoc dětem a mládeži";"1.1.1900";"31.12.9999"
"4329";"Ostatní sociální péče a pomoc dětem a mládeži";"Sociální věci a politika zaměstnanosti";"Sociální služby a společné činnosti v sociálním zabezpečení a politice zaměstnanosti";"Sociální péče a pomoc dětem a mládeži";"1.1.1900";"31.12.9999"
"4333";"Domovy-penzióny pro matky s dětmi";"Sociální věci a politika zaměstnanosti";"Sociální služby a společné činnosti v sociálním zabezpečení a politice zaměstnanosti";"Sociální péče a pomoc manželství a rodinám";"1.1.1900";"31.12.9999"
"4334";"Pečovatelská služba pro rodinu a děti";"Sociální věci a politika zaměstnanosti";"Sociální služby a společné činnosti v sociálním zabezpečení a politice zaměstnanosti";"Sociální péče a pomoc manželství a rodinám";"1.1.1900";"31.12.9999"
"4339";"Ostatní sociální péče a pomoc rodině a manželství";"Sociální věci a politika zaměstnanosti";"Sociální služby a společné činnosti v sociálním zabezpečení a politice zaměstnanosti";"Sociální péče a pomoc manželství a rodinám";"1.1.1900";"31.12.9999"
"4341";"Sociální pomoc osobám v hmotné nouzi a občanům sociálně nepřizpůsobivým";"Sociální věci a politika zaměstnanosti";"Sociální služby a společné činnosti v sociálním zabezpečení a politice zaměstnanosti";"Sociální rehabilitace a ostatní sociální péče a pomoc";"1.1.1900";"31.12.9999"
"4342";"Sociální péče a pomoc přistěhovalcům a vybraným etnikům";"Sociální věci a politika zaměstnanosti";"Sociální služby a společné činnosti v sociálním zabezpečení a politice zaměstnanosti";"Sociální rehabilitace a ostatní sociální péče a pomoc";"1.1.1900";"31.12.9999"
"4343";"Sociální pomoc osobám v souvislosti s živelní pohromou nebo požárem";"Sociální věci a politika zaměstnanosti";"Sociální služby a společné činnosti v sociálním zabezpečení a politice zaměstnanosti";"Sociální rehabilitace a ostatní sociální péče a pomoc";"1.1.1900";"31.12.9999"
"4344";"Sociální poradenství pro staré občany";"Sociální věci a politika zaměstnanosti";"Sociální služby a společné činnosti v sociálním zabezpečení a politice zaměstnanosti";"Sociální rehabilitace a ostatní sociální péče a pomoc";"1.1.1900";"31.12.9999"
"4345";"Centra sociálně rehabilitačních služeb";"Sociální věci a politika zaměstnanosti";"Sociální služby a společné činnosti v sociálním zabezpečení a politice zaměstnanosti";"Sociální rehabilitace a ostatní sociální péče a pomoc";"1.1.1900";"31.12.9999"
"4349";"Ostatní sociální péče a pomoc ostatním skupinám obyvatelstva";"Sociální věci a politika zaměstnanosti";"Sociální služby a společné činnosti v sociálním zabezpečení a politice zaměstnanosti";"Sociální rehabilitace a ostatní sociální péče a pomoc";"1.1.1900";"31.12.9999"
"4350";"Domovy pro seniory";"Sociální věci a politika zaměstnanosti";"Sociální služby a společné činnosti v sociálním zabezpečení a politice zaměstnanosti";"Služby sociální péče";"1.1.2013";"31.12.9999"
"4351";"Osobní asistence, pečovatelská služba a podpora samostatného bydlení";"Sociální věci a politika zaměstnanosti";"Sociální služby a společné činnosti v sociálním zabezpečení a politice zaměstnanosti";"Služby sociální péče";"1.1.1900";"31.12.9999"
"4352";"Tísňová péče";"Sociální věci a politika zaměstnanosti";"Sociální služby a společné činnosti v sociálním zabezpečení a politice zaměstnanosti";"Služby sociální péče";"1.1.1900";"31.12.9999"
"4353";"Průvodcovské a předčitatelské služby";"Sociální věci a politika zaměstnanosti";"Sociální služby a společné činnosti v sociálním zabezpečení a politice zaměstnanosti";"Služby sociální péče";"1.1.1900";"31.12.9999"
"4354";"Chráněné bydlení";"Sociální věci a politika zaměstnanosti";"Sociální služby a společné činnosti v sociálním zabezpečení a politice zaměstnanosti";"Služby sociální péče";"1.1.1900";"31.12.9999"
"4355";"Týdenní stacionáře";"Sociální věci a politika zaměstnanosti";"Sociální služby a společné činnosti v sociálním zabezpečení a politice zaměstnanosti";"Služby sociální péče";"1.1.1900";"31.12.9999"
"4356";"Denní stacionáře a centra denních služeb";"Sociální věci a politika zaměstnanosti";"Sociální služby a společné činnosti v sociálním zabezpečení a politice zaměstnanosti";"Služby sociální péče";"1.1.1900";"31.12.9999"
"4357";"Domovy pro osoby se zdravotním postižením a domovy se zvláštním režimem";"Sociální věci a politika zaměstnanosti";"Sociální služby a společné činnosti v sociálním zabezpečení a politice zaměstnanosti";"Služby sociální péče";"1.1.1900";"31.12.9999"
"4358";"Sociální služby poskytované ve zdravotnických zařízeních ústavní péče";"Sociální věci a politika zaměstnanosti";"Sociální služby a společné činnosti v sociálním zabezpečení a politice zaměstnanosti";"Služby sociální péče";"1.1.1900";"31.12.9999"
"4359";"Ostatní služby a činnosti v oblasti sociální péče";"Sociální věci a politika zaměstnanosti";"Sociální služby a společné činnosti v sociálním zabezpečení a politice zaměstnanosti";"Služby sociální péče";"1.1.1900";"31.12.9999"
"4361";"Činnost ústředního orgánu státní správy v sociálním zabezpečení, politice zaměstnanosti a rodinné politice";"Sociální věci a politika zaměstnanosti";"Sociální služby a společné činnosti v sociálním zabezpečení a politice zaměstnanosti";"Správa v sociálním zabezpečení a politice zaměstnanosti";"1.1.1900";"31.12.9999"
"4362";"Činnost ostatních orgánů státní správy v sociálním zabezpečení";"Sociální věci a politika zaměstnanosti";"Sociální služby a společné činnosti v sociálním zabezpečení a politice zaměstnanosti";"Správa v sociálním zabezpečení a politice zaměstnanosti";"1.1.1900";"31.12.9999"
"4363";"Ostatní orgány státní správy v oblasti politiky zaměstnanosti";"Sociální věci a politika zaměstnanosti";"Sociální služby a společné činnosti v sociálním zabezpečení a politice zaměstnanosti";"Správa v sociálním zabezpečení a politice zaměstnanosti";"1.1.1900";"31.12.9999"
"4369";"Ostatní správa v sociálním zabezpečení a politice zaměstnanosti";"Sociální věci a politika zaměstnanosti";"Sociální služby a společné činnosti v sociálním zabezpečení a politice zaměstnanosti";"Správa v sociálním zabezpečení a politice zaměstnanosti";"1.1.1900";"31.12.9999"
"4371";"Raná péče a sociálně aktivizační služby pro rodiny s dětmi";"Sociální věci a politika zaměstnanosti";"Sociální služby a společné činnosti v sociálním zabezpečení a politice zaměstnanosti";"Služby sociální prevence";"1.1.1900";"31.12.9999"
"4372";"Krizová pomoc";"Sociální věci a politika zaměstnanosti";"Sociální služby a společné činnosti v sociálním zabezpečení a politice zaměstnanosti";"Služby sociální prevence";"1.1.1900";"31.12.9999"
"4373";"Domy na půl cesty";"Sociální věci a politika zaměstnanosti";"Sociální služby a společné činnosti v sociálním zabezpečení a politice zaměstnanosti";"Služby sociální prevence";"1.1.1900";"31.12.9999"
"4374";"Azylové domy, nízkoprahová denní centra a noclehárny";"Sociální věci a politika zaměstnanosti";"Sociální služby a společné činnosti v sociálním zabezpečení a politice zaměstnanosti";"Služby sociální prevence";"1.1.1900";"31.12.9999"
"4375";"Nízkoprahová zařízení pro děti a mládež";"Sociální věci a politika zaměstnanosti";"Sociální služby a společné činnosti v sociálním zabezpečení a politice zaměstnanosti";"Služby sociální prevence";"1.1.1900";"31.12.9999"
"4376";"Služby následné péče, terapeutické komunity a kontaktní centra";"Sociální věci a politika zaměstnanosti";"Sociální služby a společné činnosti v sociálním zabezpečení a politice zaměstnanosti";"Služby sociální prevence";"1.1.1900";"31.12.9999"
"4377";"Sociálně terapeutické dílny";"Sociální věci a politika zaměstnanosti";"Sociální služby a společné činnosti v sociálním zabezpečení a politice zaměstnanosti";"Služby sociální prevence";"1.1.1900";"31.12.9999"
"4378";"Terénní programy";"Sociální věci a politika zaměstnanosti";"Sociální služby a společné činnosti v sociálním zabezpečení a politice zaměstnanosti";"Služby sociální prevence";"1.1.1900";"31.12.9999"
"4379";"Ostatní služby a činnosti v oblasti sociální prevence";"Sociální věci a politika zaměstnanosti";"Sociální služby a společné činnosti v sociálním zabezpečení a politice zaměstnanosti";"Služby sociální prevence";"1.1.1900";"31.12.9999"
"4380";"Výzkum v sociálním zabezpečení a politice zaměstnanosti";"Sociální věci a politika zaměstnanosti";"Sociální služby a společné činnosti v sociálním zabezpečení a politice zaměstnanosti";"Výzkum v sociálním zabezpečení a politice zaměstnanosti";"1.1.1900";"31.12.9999"
"4391";"Mezinárodní spolupráce v sociálním zabezpečení a podpoře zaměstnanosti";"Sociální věci a politika zaměstnanosti";"Sociální služby a společné činnosti v sociálním zabezpečení a politice zaměstnanosti";"Ostatní činnost a nespecifikované výdaje";"1.1.1900";"31.12.9999"
"4392";"Inspekce poskytování sociálních služeb";"Sociální věci a politika zaměstnanosti";"Sociální služby a společné činnosti v sociálním zabezpečení a politice zaměstnanosti";"Ostatní činnost a nespecifikované výdaje";"1.1.1900";"31.12.9999"
"4399";"Ostatní záležitosti sociálních věcí a politiky zaměstnanosti";"Sociální věci a politika zaměstnanosti";"Sociální služby a společné činnosti v sociálním zabezpečení a politice zaměstnanosti";"Ostatní činnost a nespecifikované výdaje";"1.1.1900";"31.12.9999"
"5111";"Armáda";"Bezpečnost státu a právní ochrana";"Obrana";"Vojenská obrana";"1.1.1900";"31.12.9999"
"5112";"Ostatní ozbrojené síly";"Bezpečnost státu a právní ochrana";"Obrana";"Vojenská obrana";"1.1.1900";"31.12.9999"
"5113";"Bezpečnostní složky ozbrojených sil";"Bezpečnost státu a právní ochrana";"Obrana";"Vojenská obrana";"1.1.1900";"31.12.9999"
"5119";"Podpůrné složky ozbrojených sil";"Bezpečnost státu a právní ochrana";"Obrana";"Vojenská obrana";"1.1.1900";"31.12.9999"
"5161";"Činnost ústředního orgánu státní správy ve vojenské obraně";"Bezpečnost státu a právní ochrana";"Obrana";"Státní správa ve vojenské obraně";"1.1.1900";"31.12.9999"
"5162";"Činnost ostatních orgánů státní správy ve vojenské obraně";"Bezpečnost státu a právní ochrana";"Obrana";"Státní správa ve vojenské obraně";"1.1.1900";"31.12.9999"
"5169";"Ostatní správa ve vojenské obraně";"Bezpečnost státu a právní ochrana";"Obrana";"Státní správa ve vojenské obraně";"1.1.1900";"31.12.9999"
"5171";"Zabezpečení potřeb ozbrojených sil";"Bezpečnost státu a právní ochrana";"Obrana";"Zabezpečení potřeb ozbrojených sil";"1.1.1900";"31.12.9999"
"5172";"Operační příprava státního území";"Bezpečnost státu a právní ochrana";"Obrana";"Zabezpečení potřeb ozbrojených sil";"1.1.1900";"31.12.9999"
"5179";"Ostatní činnosti pro zabezpečení potřeb ozbrojených sil";"Bezpečnost státu a právní ochrana";"Obrana";"Zabezpečení potřeb ozbrojených sil";"1.1.1900";"31.12.9999"
"5180";"Výzkum a vývoj v oblasti obrany";"Bezpečnost státu a právní ochrana";"Obrana";"Výzkum a vývoj v oblasti obrany";"1.1.1900";"31.12.9999"
"5191";"Mezinárodní spolupráce v obraně";"Bezpečnost státu a právní ochrana";"Obrana";"Ostatní záležitosti obrany";"1.1.1900";"31.12.9999"
"5192";"Zahraniční vojenská pomoc";"Bezpečnost státu a právní ochrana";"Obrana";"Ostatní záležitosti obrany";"1.1.1900";"31.12.9999"
"5199";"Ostatní záležitosti obrany";"Bezpečnost státu a právní ochrana";"Obrana";"Ostatní záležitosti obrany";"1.1.1900";"31.12.9999"
"5211";"Civilní ochrana-vojenská část";"Bezpečnost státu a právní ochrana";"Civilní připravenost na krizové stavy";"Ochrana obyvatelstva";"1.1.1900";"31.12.9999"
"5212";"Ochrana obyvatelstva";"Bezpečnost státu a právní ochrana";"Civilní připravenost na krizové stavy";"Ochrana obyvatelstva";"1.1.1900";"31.12.9999"
"5219";"Ostatní záležitosti ochrany obyvatelstva";"Bezpečnost státu a právní ochrana";"Civilní připravenost na krizové stavy";"Ochrana obyvatelstva";"1.1.1900";"31.12.9999"
"5220";"Hospodářská opatření pro krizové stavy";"Bezpečnost státu a právní ochrana";"Civilní připravenost na krizové stavy";"Hospodářská opatření pro krizové stavy";"1.1.1900";"31.12.9999"
"5261";"Státní správa v oblasti hospodářských opatření pro krizové stavy a v oblasti krizového řízení";"Bezpečnost státu a právní ochrana";"Civilní připravenost na krizové stavy";"Státní správa v oblasti hospodářských opatření";"1.1.1900";"31.12.9999"
"5262";"Činnost ostatních orgánů státní správy v oblasti civilního nouzového hospodářství";"Bezpečnost státu a právní ochrana";"Civilní připravenost na krizové stavy";"Státní správa v oblasti hospodářských opatření";"1.1.1900";"31.12.9999"
"5269";"Ostatní správa v oblasti hospodářských opatření pro krizové stavy";"Bezpečnost státu a právní ochrana";"Civilní připravenost na krizové stavy";"Státní správa v oblasti hospodářských opatření";"1.1.1900";"31.12.9999"
"5271";"Činnost orgánů krizového řízení na ústřední úrovni a dalších správních úřadů v oblasti krizového řízení";"Bezpečnost státu a právní ochrana";"Civilní připravenost na krizové stavy";"Krizové řízení";"1.1.1900";"31.12.9999"
"5272";"Činnost orgánů krizového řízení na územní úrovni a dalších územních správních úřadů v oblasti krizového řízení";"Bezpečnost státu a právní ochrana";"Civilní připravenost na krizové stavy";"Krizové řízení";"1.1.1900";"31.12.9999"
"5273";"Ostatní správa v oblasti krizového řízení";"Bezpečnost státu a právní ochrana";"Civilní připravenost na krizové stavy";"Krizové řízení";"1.1.1900";"31.12.9999"
"5274";"Podpora krizového řízení a nouzového plánování";"Bezpečnost státu a právní ochrana";"Civilní připravenost na krizové stavy";"Krizové řízení";"1.1.1900";"31.12.9999"
"5279";"Záležitosti krizového řízení jinde nezařazené";"Bezpečnost státu a právní ochrana";"Civilní připravenost na krizové stavy";"Krizové řízení";"1.1.1900";"31.12.9999"
"5281";"Výzkum a vývoj v oblasti ochrany obyvatelstva";"Bezpečnost státu a právní ochrana";"Civilní připravenost na krizové stavy";"Výzkum a vývoj v oblasti civilní připravenosti na krizové stavy";"1.1.1900";"31.12.9999"
"5289";"Výzkum a vývoj v oblasti krizového řízení";"Bezpečnost státu a právní ochrana";"Civilní připravenost na krizové stavy";"Výzkum a vývoj v oblasti civilní připravenosti na krizové stavy";"1.1.1900";"31.12.9999"
"5291";"Mezinárodní spolupráce v oblasti krizového řízení";"Bezpečnost státu a právní ochrana";"Civilní připravenost na krizové stavy";"Ostatní záležitosti civilní připravenosti pro krizové stavy";"1.1.1900";"31.12.9999"
"5292";"Poskytnutí vzájemné zahraniční pomoci podle mezinárodních smluv";"Bezpečnost státu a právní ochrana";"Civilní připravenost na krizové stavy";"Ostatní záležitosti civilní připravenosti pro krizové stavy";"1.1.1900";"31.12.9999"
"5299";"Ostatní záležitosti civilní připravenosti na krizové stavy";"Bezpečnost státu a právní ochrana";"Civilní připravenost na krizové stavy";"Ostatní záležitosti civilní připravenosti pro krizové stavy";"1.1.1900";"31.12.9999"
"5311";"Bezpečnost a veřejný pořádek";"Bezpečnost státu a právní ochrana";"Bezpečnost a veřejný pořádek";"Bezpečnost a veřejný pořádek";"1.1.1900";"31.12.9999"
"5316";"Činnost ústředního orgánu státní správy v oblasti bezpečnosti a veřejného pořádku";"Bezpečnost státu a právní ochrana";"Bezpečnost a veřejný pořádek";"Bezpečnost a veřejný pořádek";"1.1.1900";"31.12.9999"
"5317";"Hraniční přechody";"Bezpečnost státu a právní ochrana";"Bezpečnost a veřejný pořádek";"Bezpečnost a veřejný pořádek";"1.1.1900";"31.12.9999"
"5319";"Ostatní záležitosti bezpečnosti a veřejného pořádku";"Bezpečnost státu a právní ochrana";"Bezpečnost a veřejný pořádek";"Bezpečnost a veřejný pořádek";"1.1.1900";"31.12.9999"
"5380";"Výzkum týkající se bezpečnosti a veřejného pořádku";"Bezpečnost státu a právní ochrana";"Bezpečnost a veřejný pořádek";"Výzkum týkající se bezpečnosti a veřejného pořádku";"1.1.1900";"31.12.9999"
"5391";"Mezinárodní spolupráce v oblasti bezpečnosti a veřejného pořádku";"Bezpečnost státu a právní ochrana";"Bezpečnost a veřejný pořádek";"Ostatní záležitosti bezpečnosti a veřejného pořádku";"1.1.1900";"31.12.9999"
"5399";"Ostatní záležitosti bezpečnosti,veřejného pořádku";"Bezpečnost státu a právní ochrana";"Bezpečnost a veřejný pořádek";"Ostatní záležitosti bezpečnosti a veřejného pořádku";"1.1.1900";"31.12.9999"
"5410";"Ústavní soud";"Bezpečnost státu a právní ochrana";"Právní ochrana";"Ústavní soudnictví";"1.1.1900";"31.12.9999"
"5420";"Soudy";"Bezpečnost státu a právní ochrana";"Právní ochrana";"Soudnictví";"1.1.1900";"31.12.9999"
"5430";"Státní zastupitelství";"Bezpečnost státu a právní ochrana";"Právní ochrana";"Státní zastupitelství";"1.1.1900";"31.12.9999"
"5441";"Činnost Generálního ředitelství Vězeňské služby a věznic";"Bezpečnost státu a právní ochrana";"Právní ochrana";"Vězeňství";"1.1.1900";"31.12.9999"
"5442";"Ostatní správa ve vězeňství";"Bezpečnost státu a právní ochrana";"Právní ochrana";"Vězeňství";"1.1.1900";"31.12.9999"
"5449";"Ostatní záležitosti vězeňství";"Bezpečnost státu a právní ochrana";"Právní ochrana";"Vězeňství";"1.1.1900";"31.12.9999"
"5450";"Činnost probační a mediační služby";"Bezpečnost státu a právní ochrana";"Právní ochrana";"Probační a mediační služba";"1.1.1900";"31.12.9999"
"5461";"Činnost ústředního orgánu státní správy v oblasti právní ochrany";"Bezpečnost státu a právní ochrana";"Právní ochrana";"Správa v oblasti právní ochrany";"1.1.1900";"31.12.9999"
"5462";"Činnost ostatních orgánů státní správy v oblasti právní ochrany";"Bezpečnost státu a právní ochrana";"Právní ochrana";"Správa v oblasti právní ochrany";"1.1.1900";"31.12.9999"
"5469";"Ostatní správa v oblasti právní ochrany";"Bezpečnost státu a právní ochrana";"Právní ochrana";"Správa v oblasti právní ochrany";"1.1.1900";"31.12.9999"
"5470";"Kancelář Veřejného ochránce práv";"Bezpečnost státu a právní ochrana";"Právní ochrana";"Veřejná ochrana";"1.1.1900";"31.12.9999"
"5471";"Kancelář finančního arbitra";"Bezpečnost státu a právní ochrana";"Právní ochrana";"Veřejná ochrana";"1.1.2012";"31.12.9999"
"5480";"Výzkum v oblasti právní ochrany";"Bezpečnost státu a právní ochrana";"Právní ochrana";"Výzkum v oblasti právní ochrany";"1.1.1900";"31.12.9999"
"5491";"Mezinárodní spolupráce v oblasti právní ochrany";"Bezpečnost státu a právní ochrana";"Právní ochrana";"Ostatní záležitosti právní ochrany";"1.1.1900";"31.12.9999"
"5499";"Ostatní záležitosti právní ochrany";"Bezpečnost státu a právní ochrana";"Právní ochrana";"Ostatní záležitosti právní ochrany";"1.1.1900";"31.12.9999"
"5511";"Požární ochrana - profesionální část";"Bezpečnost státu a právní ochrana";"Požární ochrana a integrovaný záchranný systém";"Požární ochrana";"1.1.1900";"31.12.9999"
"5512";"Požární ochrana - dobrovolná část";"Bezpečnost státu a právní ochrana";"Požární ochrana a integrovaný záchranný systém";"Požární ochrana";"1.1.1900";"31.12.9999"
"5517";"Vzdělávací a technická zařízení požární ochrany";"Bezpečnost státu a právní ochrana";"Požární ochrana a integrovaný záchranný systém";"Požární ochrana";"1.1.1900";"31.12.9999"
"5519";"Ostatní záležitosti požární ochrany";"Bezpečnost státu a právní ochrana";"Požární ochrana a integrovaný záchranný systém";"Požární ochrana";"1.1.1900";"31.12.9999"
"5521";"Operační a informační střediska integrovaného záchranného systému.";"Bezpečnost státu a právní ochrana";"Požární ochrana a integrovaný záchranný systém";"Ostatní složky a činnosti integrovaného záchranného systému";"1.1.1900";"31.12.9999"
"5522";"Ostatní činnosti v integrovaném záchranném systému";"Bezpečnost státu a právní ochrana";"Požární ochrana a integrovaný záchranný systém";"Ostatní složky a činnosti integrovaného záchranného systému";"1.1.1900";"31.12.9999"
"5529";"Ostatní složky a činnosti integrovaného záchranného systému";"Bezpečnost státu a právní ochrana";"Požární ochrana a integrovaný záchranný systém";"Ostatní složky a činnosti integrovaného záchranného systému";"1.1.1900";"31.12.9999"
"5561";"Činnost ústředního orgánu státní správy v požární ochraně";"Bezpečnost státu a právní ochrana";"Požární ochrana a integrovaný záchranný systém";"Státní správa v požární ochraně a intergovaném záchranném systému";"1.1.1900";"31.12.9999"
"5562";"Činnost ústředních orgánů státní správy v integrovaném záchranném systému";"Bezpečnost státu a právní ochrana";"Požární ochrana a integrovaný záchranný systém";"Státní správa v požární ochraně a intergovaném záchranném systému";"1.1.1900";"31.12.9999"
"5563";"Činnost ostatních orgánů státní správy v integrovaném záchranném systému";"Bezpečnost státu a právní ochrana";"Požární ochrana a integrovaný záchranný systém";"Státní správa v požární ochraně a intergovaném záchranném systému";"1.1.1900";"31.12.9999"
"5580";"Výzkum a vývoj v požární ochraně a integrovaném záchranném systému";"Bezpečnost státu a právní ochrana";"Požární ochrana a integrovaný záchranný systém";"Výzkum a vývoj v požární ochraně a integrovaném záchranném systému";"1.1.1900";"31.12.9999"
"5591";"Mezinárodní spolupráce v oblasti požární ochrany a integrovaném záchranném systému";"Bezpečnost státu a právní ochrana";"Požární ochrana a integrovaný záchranný systém";"Ostatní záležitosti požární ochrany a integrovaného záchranného systému";"1.1.1900";"31.12.9999"
"5592";"Poskytnutí vzájemné zahraniční pomoci podle mezinárodních smluv";"Bezpečnost státu a právní ochrana";"Požární ochrana a integrovaný záchranný systém";"Ostatní záležitosti požární ochrany a integrovaného záchranného systému";"1.1.1900";"31.12.9999"
"5599";"Ostatní záležitosti požární ochrany a integrovaného záchranného systému";"Bezpečnost státu a právní ochrana";"Požární ochrana a integrovaný záchranný systém";"Ostatní záležitosti požární ochrany a integrovaného záchranného systému";"1.1.1900";"31.12.9999"
"6111";"Parlament";"Všeobecná veřejná správa a služby";"Státní moc, státní správa, územní samospráva a politické strany";"Zastupitelské orgány a volby";"1.1.1900";"31.12.9999"
"6112";"Zastupitelstva obcí";"Všeobecná veřejná správa a služby";"Státní moc, státní správa, územní samospráva a politické strany";"Zastupitelské orgány a volby";"1.1.1900";"31.12.9999"
"6113";"Zastupitelstva krajů";"Všeobecná veřejná správa a služby";"Státní moc, státní správa, územní samospráva a politické strany";"Zastupitelské orgány a volby";"1.1.1900";"31.12.9999"
"6114";"Volby do Parlamentu ČR";"Všeobecná veřejná správa a služby";"Státní moc, státní správa, územní samospráva a politické strany";"Zastupitelské orgány a volby";"1.1.1900";"31.12.9999"
"6115";"Volby do zastupitelstev územních samosprávných celků";"Všeobecná veřejná správa a služby";"Státní moc, státní správa, územní samospráva a politické strany";"Zastupitelské orgány a volby";"1.1.1900";"31.12.9999"
"6116";"Celostátní referendum";"Všeobecná veřejná správa a služby";"Státní moc, státní správa, územní samospráva a politické strany";"Zastupitelské orgány a volby";"1.1.1900";"31.12.9999"
"6117";"Volby do Evropského parlamentu";"Všeobecná veřejná správa a služby";"Státní moc, státní správa, územní samospráva a politické strany";"Zastupitelské orgány a volby";"1.1.1900";"31.12.9999"
"6118";"Volba prezidenta republiky";"Všeobecná veřejná správa a služby";"Státní moc, státní správa, územní samospráva a politické strany";"Zastupitelské orgány a volby";"1.1.2013";"31.12.9999"
"6119";"Ostatní zastupitelské orgány a volby";"Všeobecná veřejná správa a služby";"Státní moc, státní správa, územní samospráva a politické strany";"Zastupitelské orgány a volby";"1.1.2013";"31.12.9999"
"6120";"Kancelář prezidenta republiky";"Všeobecná veřejná správa a služby";"Státní moc, státní správa, územní samospráva a politické strany";"Kancelář prezidenta republiky";"1.1.1900";"31.12.9999"
"6130";"Nejvyšší kontrolní úřad";"Všeobecná veřejná správa a služby";"Státní moc, státní správa, územní samospráva a politické strany";"Nejvyšší kontrolní úřad";"1.1.1900";"31.12.9999"
"6141";"Ústřední orgány vnitřní státní správy a jejich dislokovaná pracoviště (nezařazené v jiných funkcích)";"Všeobecná veřejná správa a služby";"Státní moc, státní správa, územní samospráva a politické strany";"Všeobecná vnitřní státní správa (nezařazená v jiných funkcích)";"1.1.1900";"31.12.9999"
"6142";"Finanční správa";"Všeobecná veřejná správa a služby";"Státní moc, státní správa, územní samospráva a politické strany";"Všeobecná vnitřní státní správa (nezařazená v jiných funkcích)";"1.1.1900";"31.12.9999"
"6143";"Celní správa";"Všeobecná veřejná správa a služby";"Státní moc, státní správa, územní samospráva a politické strany";"Všeobecná vnitřní státní správa (nezařazená v jiných funkcích)";"1.1.1900";"31.12.9999"
"6145";"Úřad vlády";"Všeobecná veřejná správa a služby";"Státní moc, státní správa, územní samospráva a politické strany";"Všeobecná vnitřní státní správa (nezařazená v jiných funkcích)";"1.1.1900";"31.12.9999"
"6146";"Český statistický úřad";"Všeobecná veřejná správa a služby";"Státní moc, státní správa, územní samospráva a politické strany";"Všeobecná vnitřní státní správa (nezařazená v jiných funkcích)";"1.1.1900";"31.12.9999"
"6148";"Plánování a statistika";"Všeobecná veřejná správa a služby";"Státní moc, státní správa, územní samospráva a politické strany";"Všeobecná vnitřní státní správa (nezařazená v jiných funkcích)";"1.1.1900";"31.12.9999"
"6149";"Ostatní všeobecná vnitřní správa jinde nezařazená";"Všeobecná veřejná správa a služby";"Státní moc, státní správa, územní samospráva a politické strany";"Všeobecná vnitřní státní správa (nezařazená v jiných funkcích)";"1.1.1900";"31.12.9999"
"6151";"Činnost ústředního orgánu státní správy v zahraniční službě";"Všeobecná veřejná správa a služby";"Státní moc, státní správa, územní samospráva a politické strany";"Zahraniční služba a záležitosti (nezařazené v jiných funkcích)";"1.1.1900";"31.12.9999"
"6152";"Zastupitelství a stálé mise ČR v zahraničí";"Všeobecná veřejná správa a služby";"Státní moc, státní správa, územní samospráva a politické strany";"Zahraniční služba a záležitosti (nezařazené v jiných funkcích)";"1.1.1900";"31.12.9999"
"6153";"Ostatní účast v mezinárodních vládních organizacích";"Všeobecná veřejná správa a služby";"Státní moc, státní správa, územní samospráva a politické strany";"Zahraniční služba a záležitosti (nezařazené v jiných funkcích)";"1.1.1900";"31.12.9999"
"6159";"Zahraniční služba a záležitosti jinde nezařazené";"Všeobecná veřejná správa a služby";"Státní moc, státní správa, územní samospráva a politické strany";"Zahraniční služba a záležitosti (nezařazené v jiných funkcích)";"1.1.1900";"31.12.9999"
"6171";"Činnost místní správy";"Všeobecná veřejná správa a služby";"Státní moc, státní správa, územní samospráva a politické strany";"Regionální a místní správa";"1.1.1900";"31.12.9999"
"6172";"Činnost regionální správy";"Všeobecná veřejná správa a služby";"Státní moc, státní správa, územní samospráva a politické strany";"Regionální a místní správa";"1.1.1900";"31.12.9999"
"6173";"Místní referendum";"Všeobecná veřejná správa a služby";"Státní moc, státní správa, územní samospráva a politické strany";"Regionální a místní správa";"1.1.1900";"31.12.9999"
"6174";"Činnost regionálních rad";"Všeobecná veřejná správa a služby";"Státní moc, státní správa, územní samospráva a politické strany";"Regionální a místní správa";"1.1.1900";"31.12.9999"
"6180";"Výzkum ve státní správě a samosprávě";"Všeobecná veřejná správa a služby";"Státní moc, státní správa, územní samospráva a politické strany";"Výzkum ve státní správě a samosprávě";"1.1.1900";"31.12.9999"
"6190";"Politické strany a hnutí";"Všeobecná veřejná správa a služby";"Státní moc, státní správa, územní samospráva a politické strany";"Politické strany a hnutí";"1.1.1900";"31.12.9999"
"6211";"Archivní činnost";"Všeobecná veřejná správa a služby";"Jiné veřejné služby a činnosti";"Ostatní veřejné služby";"1.1.1900";"31.12.9999"
"6219";"Ostatní veřejné služby jinde nezařazené.";"Všeobecná veřejná správa a služby";"Jiné veřejné služby a činnosti";"Ostatní veřejné služby";"1.1.1900";"31.12.9999"
"6221";"Humanitární zahraniční pomoc přímá";"Všeobecná veřejná správa a služby";"Jiné veřejné služby a činnosti";"Zahraniční pomoc a mezinárodní spolupráce (jinde nezařazená)";"1.1.1900";"31.12.9999"
"6222";"Rozvojová zahraniční pomoc";"Všeobecná veřejná správa a služby";"Jiné veřejné služby a činnosti";"Zahraniční pomoc a mezinárodní spolupráce (jinde nezařazená)";"1.1.1900";"31.12.9999"
"6223";"Mezinárodní spolupráce (jinde nezařazená)";"Všeobecná veřejná správa a služby";"Jiné veřejné služby a činnosti";"Zahraniční pomoc a mezinárodní spolupráce (jinde nezařazená)";"1.1.1900";"31.12.9999"
"6224";"Humanitární zahraniční pomoc poskytovaná prostřednictvím mezinárodních organizací";"Všeobecná veřejná správa a služby";"Jiné veřejné služby a činnosti";"Zahraniční pomoc a mezinárodní spolupráce (jinde nezařazená)";"1.1.1900";"31.12.9999"
"6229";"Ostatní zahraniční pomoc";"Všeobecná veřejná správa a služby";"Jiné veřejné služby a činnosti";"Zahraniční pomoc a mezinárodní spolupráce (jinde nezařazená)";"1.1.1900";"31.12.9999"
"6310";"Obecné příjmy a výdaje z finančních operací";"Všeobecná veřejná správa a služby";"Finanční operace";"Obecné příjmy a výdaje z finančních operací";"1.1.1900";"31.12.9999"
"6320";"Pojištění funkčně nespecifikované";"Všeobecná veřejná správa a služby";"Finanční operace";"Pojištění funkčně nespecifikované";"1.1.1900";"31.12.9999"
"6330";"Převody vlastním fondům v rozpočtech územní úrovně";"Všeobecná veřejná správa a služby";"Finanční operace";"Převody vlastním fondům v rozpočtech územní úrovně";"1.1.1900";"31.12.9999"
"6391";"Soudní a mimosoudní rehabilitace";"Všeobecná veřejná správa a služby";"Finanční operace";"Ostatní finanční operace";"1.1.1900";"31.12.9999"
"6399";"Ostatní finanční operace";"Všeobecná veřejná správa a služby";"Finanční operace";"Ostatní finanční operace";"1.1.1900";"31.12.9999"
"6401";"Transfery všeobecné povahy jiným úrovním vlády";"Všeobecná veřejná správa a služby";"Ostatní činnosti";"Ostatní činnosti";"1.1.1900";"31.12.9999"
"6402";"Finanční vypořádání minulých let";"Všeobecná veřejná správa a služby";"Ostatní činnosti";"Ostatní činnosti";"1.1.1900";"31.12.9999"
"6409";"Ostatní činnosti jinde nezařazené";"Všeobecná veřejná správa a služby";"Ostatní činnosti";"Ostatní činnosti";"1.1.1900";"31.12.9999"