"DOKLAD_ROK";"DOKLAD_DATUM";"DOKLAD_AGENDA";"DOKLAD_CISLO";"ORGANIZACE";"ORGANIZACE_NAZEV";"ORJ";"ORJ_NAZEV";"PARAGRAF";"PARAGRAF_NAZEV";"POLOZKA";"POLOZKA_NAZEV";"SUBJEKT_IC";"SUBJEKT_NAZEV";"CASTKA_MD";"CASTKA_DAL";"POZNAMKA"
"2016";"2016-01-01";"ROZ";"232001";"0000000000299";"Nebytové hospodářství";"0";"";"3613";"Nebytové hospodářství";"5171";"Opravy a udržování";"";"";"0";"1166000";""
"2016";"2016-01-01";"ROZ";"232001";"0000000000137";"Pohřebnictví";"0";"";"3632";"Pohřebnictví";"5154";"Elektrická energie";"";"";"0";"20000";""
"2016";"2016-01-01";"ROZ";"232001";"0000000000137";"Pohřebnictví";"0";"";"3632";"Pohřebnictví";"5169";"Nákup ostatních služeb";"";"";"0";"465000";""
"2016";"2016-01-01";"ROZ";"232001";"0000000000137";"Pohřebnictví";"0";"";"3632";"Pohřebnictví";"5171";"Opravy a udržování";"";"";"0";"100000";""
"2016";"2016-01-01";"ROZ";"232001";"0000000000137";"Pohřebnictví";"0";"";"3632";"Pohřebnictví";"5192";"Poskytnuté neinvestiční příspěvky a náhrady (část)";"";"";"0";"100000";""
"2016";"2016-01-01";"ROZ";"232001";"0000000000127";"Stavebnictví";"0";"";"3635";"Územní plánování";"5169";"Nákup ostatních služeb";"";"";"0";"5000";""
"2016";"2016-01-01";"ROZ";"232001";"0000000000363";"Nový územní plán";"1025";"";"3635";"Územní plánování";"6119";"Ostatní nákup dlouhodobého nehmotného majetku";"";"";"0";"136400";""
"2016";"2016-01-01";"ROZ";"232001";"0000000000363";"Nový územní plán";"9109";"";"3635";"Územní plánování";"6119";"Ostatní nákup dlouhodobého nehmotného majetku";"";"";"0";"3100";""
"2016";"2016-01-01";"ROZ";"232001";"0000000000363";"Nový územní plán";"9210";"";"3635";"Územní plánování";"6119";"Ostatní nákup dlouhodobého nehmotného majetku";"";"";"0";"4300";""
"2016";"2016-01-01";"ROZ";"232001";"0000000000363";"Nový územní plán";"9307";"";"3635";"Územní plánování";"6119";"Ostatní nákup dlouhodobého nehmotného majetku";"";"";"0";"4500";""
"2016";"2016-01-01";"ROZ";"232001";"0000000000363";"Nový územní plán";"9412";"";"3635";"Územní plánování";"6119";"Ostatní nákup dlouhodobého nehmotného majetku";"";"";"0";"4400";""
"2016";"2016-01-01";"ROZ";"232001";"0000000000363";"Nový územní plán";"9508";"";"3635";"Územní plánování";"6119";"Ostatní nákup dlouhodobého nehmotného majetku";"";"";"0";"4000";""
"2016";"2016-01-01";"ROZ";"232001";"0000000000363";"Nový územní plán";"9612";"";"3635";"Územní plánování";"6119";"Ostatní nákup dlouhodobého nehmotného majetku";"";"";"0";"8200";""
"2016";"2016-01-01";"ROZ";"232001";"0000000000137";"Pohřebnictví";"0";"";"3632";"Pohřebnictví";"5151";"Studená voda";"";"";"0";"20000";""
"2016";"2016-01-01";"ROZ";"232001";"0000000000137";"Pohřebnictví";"0";"";"3632";"Pohřebnictví";"5139";"Nákup materiálu jinde nezařazený";"";"";"0";"35000";""
"2016";"2016-01-01";"ROZ";"232001";"0000000000137";"Pohřebnictví";"0";"";"3632";"Pohřebnictví";"5137";"Drobný hmotný dlouhodobý majetek";"";"";"0";"20000";""
"2016";"2016-01-01";"ROZ";"232001";"0000000000299";"Nebytové hospodářství";"6401";"";"3613";"Nebytové hospodářství";"5171";"Opravy a udržování";"";"";"0";"100000";""
"2016";"2016-01-01";"ROZ";"232001";"0000000000299";"Nebytové hospodářství";"9107";"";"3613";"Nebytové hospodářství";"5171";"Opravy a udržování";"";"";"0";"150000";""
"2016";"2016-01-01";"ROZ";"232001";"0000000000313";"Slavkovice – přístřešek u hasičské zbrojnice";"9810";"";"3613";"Nebytové hospodářství";"6121";"Budovy, haly a stavby";"";"";"0";"150000";""
"2016";"2016-01-01";"ROZ";"232001";"0000000000260";"Studnice – rekonstrukce obecní budovy";"9906";"";"3613";"Nebytové hospodářství";"6121";"Budovy, haly a stavby";"";"";"0";"200000";""
"2016";"2016-01-01";"ROZ";"232001";"0000000000254";"ZŠ Malá – vybudování výtahu";"3604";"";"3613";"Nebytové hospodářství";"6122";"Stroje, přístroje a zařízení";"";"";"0";"60000";""
"2016";"2016-01-01";"ROZ";"232001";"0000000000136";"Veřejné osvětlení";"0";"";"3631";"Veřejné osvětlení";"5137";"Drobný hmotný dlouhodobý majetek";"";"";"0";"88000";""
"2016";"2016-01-01";"ROZ";"232001";"0000000000136";"Veřejné osvětlení";"0";"";"3631";"Veřejné osvětlení";"5139";"Nákup materiálu jinde nezařazený";"";"";"0";"106000";""
"2016";"2016-01-01";"ROZ";"232001";"0000000000136";"Veřejné osvětlení";"0";"";"3631";"Veřejné osvětlení";"5154";"Elektrická energie";"";"";"0";"1689000";""
"2016";"2016-01-01";"ROZ";"232001";"0000000000136";"Veřejné osvětlení";"0";"";"3631";"Veřejné osvětlení";"5169";"Nákup ostatních služeb";"";"";"0";"162000";""
"2016";"2016-01-01";"ROZ";"232001";"0000000000136";"Veřejné osvětlení";"0";"";"3631";"Veřejné osvětlení";"5171";"Opravy a udržování";"";"";"0";"823000";""
"2016";"2016-01-01";"ROZ";"232001";"0000000000302";"Hlinné – rozšíření VO o 2 světelné body";"9115";"";"3631";"Veřejné osvětlení";"6121";"Budovy, haly a stavby";"";"";"0";"175000";""
"2016";"2016-01-01";"ROZ";"232001";"0000000000293";"Olešná – rozšíření VO o 3 světelné body";"9417";"";"3631";"Veřejné osvětlení";"6121";"Budovy, haly a stavby";"";"";"0";"318000";""
"2016";"2016-01-01";"ROZ";"232001";"0000000000363";"Nový územní plán";"9707";"";"3635";"Územní plánování";"6119";"Ostatní nákup dlouhodobého nehmotného majetku";"";"";"0";"4000";""
"2016";"2016-01-01";"ROZ";"232001";"0000000000363";"Nový územní plán";"9806";"";"3635";"Územní plánování";"6119";"Ostatní nákup dlouhodobého nehmotného majetku";"";"";"0";"7500";""
"2016";"2016-01-01";"ROZ";"232001";"0000000000127";"Stavebnictví";"7306";"";"3639";"Komunální služby a územní rozvoj jinde nezařazené";"5169";"Nákup ostatních služeb";"";"";"0";"450000";""
"2016";"2016-01-01";"ROZ";"232001";"0000000000147";"Veřejné WC";"0";"";"3639";"Komunální služby a územní rozvoj jinde nezařazené";"5171";"Opravy a udržování";"";"";"0";"15000";""
"2016";"2016-01-01";"ROZ";"232001";"0000000000200";"Všeobecná pokladní správa";"0";"";"3639";"Komunální služby a územní rozvoj jinde nezařazené";"5329";"Ostatní neinvestiční transfery veřejným rozpočtům územní úrovně";"";"";"0";"12500";""
"2016";"2016-01-01";"ROZ";"232001";"0000000000127";"Stavebnictví";"0";"";"3639";"Komunální služby a územní rozvoj jinde nezařazené";"5362";"Platby daní a poplatků státnímu rozpočtu";"";"";"0";"5000";""
"2016";"2016-01-01";"ROZ";"232001";"0000000000133";"Plynovody";"0";"";"3639";"Komunální služby a územní rozvoj jinde nezařazené";"5362";"Platby daní a poplatků státnímu rozpočtu";"";"";"0";"50000";""
"2016";"2016-01-01";"ROZ";"232001";"0000000000301";"Hlinné – altán u kaple s terénními úpravami";"9114";"";"3639";"Komunální služby a územní rozvoj jinde nezařazené";"6121";"Budovy, haly a stavby";"";"";"0";"200000";""
"2016";"2016-01-01";"ROZ";"232001";"0000000000319";"Výkup nemovitostí - běžné";"1013";"";"3639";"Komunální služby a územní rozvoj jinde nezařazené";"6130";"Pozemky";"";"";"0";"1400000";""
"2016";"2016-01-01";"ROZ";"232001";"0000000000319";"Výkup nemovitostí - běžné";"9112";"";"3639";"Komunální služby a územní rozvoj jinde nezařazené";"6130";"Pozemky";"";"";"0";"50000";""
"2016";"2016-01-01";"ROZ";"232001";"0000000000319";"Výkup nemovitostí - běžné";"9418";"";"3639";"Komunální služby a územní rozvoj jinde nezařazené";"6130";"Pozemky";"";"";"0";"100000";""
"2016";"2016-01-01";"ROZ";"232001";"0000000000319";"Výkup nemovitostí - běžné";"9809";"";"3639";"Komunální služby a územní rozvoj jinde nezařazené";"6130";"Pozemky";"";"";"0";"100000";""
"2016";"2016-01-01";"ROZ";"232001";"0000000000141";"Svoz komunálního odpadu";"0";"";"3722";"Sběr a svoz komunálních odpadů";"5137";"Drobný hmotný dlouhodobý majetek";"";"";"0";"50000";""
"2016";"2016-01-01";"ROZ";"232001";"0000000000141";"Svoz komunálního odpadu";"0";"";"3722";"Sběr a svoz komunálních odpadů";"5139";"Nákup materiálu jinde nezařazený";"";"";"0";"55000";""
"2016";"2016-01-01";"ROZ";"232001";"0000000000147";"Veřejné WC";"0";"";"3639";"Komunální služby a územní rozvoj jinde nezařazené";"5169";"Nákup ostatních služeb";"";"";"0";"46000";""
"2016";"2016-01-01";"ROZ";"232001";"0000000000133";"Plynovody";"0";"";"3639";"Komunální služby a územní rozvoj jinde nezařazené";"5169";"Nákup ostatních služeb";"";"";"0";"33000";""
"2016";"2016-01-01";"ROZ";"232001";"0000000000127";"Stavebnictví";"0";"";"3639";"Komunální služby a územní rozvoj jinde nezařazené";"5169";"Nákup ostatních služeb";"";"";"0";"365000";""
"2016";"2016-01-01";"ROZ";"232001";"0000000000363";"Nový územní plán";"9904";"";"3635";"Územní plánování";"6119";"Ostatní nákup dlouhodobého nehmotného majetku";"";"";"0";"600";""
"2016";"2016-01-01";"ROZ";"232001";"0000000000138";"Ostatní služby";"0";"";"3639";"Komunální služby a územní rozvoj jinde nezařazené";"5132";"Ochranné pomůcky";"";"";"0";"5000";""
"2016";"2016-01-01";"ROZ";"232001";"0000000000147";"Veřejné WC";"0";"";"3639";"Komunální služby a územní rozvoj jinde nezařazené";"5132";"Ochranné pomůcky";"";"";"0";"2000";""
"2016";"2016-01-01";"ROZ";"232001";"0000000000138";"Ostatní služby";"0";"";"3639";"Komunální služby a územní rozvoj jinde nezařazené";"5134";"Prádlo, oděv a obuv";"";"";"0";"7000";""
"2016";"2016-01-01";"ROZ";"232001";"0000000000147";"Veřejné WC";"0";"";"3639";"Komunální služby a územní rozvoj jinde nezařazené";"5134";"Prádlo, oděv a obuv";"";"";"0";"5000";""
"2016";"2016-01-01";"ROZ";"232001";"0000000000138";"Ostatní služby";"0";"";"3639";"Komunální služby a územní rozvoj jinde nezařazené";"5139";"Nákup materiálu jinde nezařazený";"";"";"0";"10000";""
"2016";"2016-01-01";"ROZ";"232001";"0000000000147";"Veřejné WC";"0";"";"3639";"Komunální služby a územní rozvoj jinde nezařazené";"5139";"Nákup materiálu jinde nezařazený";"";"";"0";"15000";""
"2016";"2016-01-01";"ROZ";"232001";"0000000000147";"Veřejné WC";"0";"";"3639";"Komunální služby a územní rozvoj jinde nezařazené";"5151";"Studená voda";"";"";"0";"40000";""
"2016";"2016-01-01";"ROZ";"232001";"0000000000147";"Veřejné WC";"0";"";"3639";"Komunální služby a územní rozvoj jinde nezařazené";"5152";"Teplo";"";"";"0";"15000";""
"2016";"2016-01-01";"ROZ";"232001";"0000000000147";"Veřejné WC";"0";"";"3639";"Komunální služby a územní rozvoj jinde nezařazené";"5153";"Plyn";"";"";"0";"20000";""
"2016";"2016-01-01";"ROZ";"232001";"0000000000147";"Veřejné WC";"0";"";"3639";"Komunální služby a územní rozvoj jinde nezařazené";"5154";"Elektrická energie";"";"";"0";"80000";""
"2016";"2016-01-01";"ROZ";"232001";"0000000000147";"Veřejné WC";"0";"";"3639";"Komunální služby a územní rozvoj jinde nezařazené";"5164";"Nájemné";"";"";"0";"800";""
"2016";"2016-01-01";"ROZ";"232001";"0000000000121";"Čištění - koše";"0";"";"3722";"Sběr a svoz komunálních odpadů";"5169";"Nákup ostatních služeb";"";"";"0";"420000";""
"2016";"2016-01-01";"ROZ";"232001";"0000000000350";"Kluziště";"6624";"";"3412";"Sportovní zařízení v majetku obcí";"6121";"Budovy, haly a stavby";"";"";"0";"200000";""
"2016";"2016-01-01";"ROZ";"232001";"0000000000223";"Ekologické nocležiště";"0";"";"3429";"Ostatní zájmová činnost a rekreace";"5171";"Opravy a udržování";"";"";"0";"25000";""
"2016";"2016-01-01";"ROZ";"232001";"0000000000126";"Bytové hospodářství";"0";"";"3612";"Bytové hospodářství";"5139";"Nákup materiálu jinde nezařazený";"";"";"0";"50000";""
"2016";"2016-01-01";"ROZ";"232001";"0000000000134";"Novoměstské sociální služby";"0";"";"3612";"Bytové hospodářství";"5139";"Nákup materiálu jinde nezařazený";"";"";"0";"40000";""
"2016";"2016-01-01";"ROZ";"232001";"0000000000126";"Bytové hospodářství";"0";"";"3612";"Bytové hospodářství";"5141";"Úroky vlastní";"";"";"0";"25000";""
"2016";"2016-01-01";"ROZ";"232001";"0000000000126";"Bytové hospodářství";"0";"";"3612";"Bytové hospodářství";"5151";"Studená voda";"";"";"0";"1779500";""
"2016";"2016-01-01";"ROZ";"232001";"0000000000126";"Bytové hospodářství";"0";"";"3612";"Bytové hospodářství";"5152";"Teplo";"";"";"0";"3700000";""
"2016";"2016-01-01";"ROZ";"232001";"0000000000126";"Bytové hospodářství";"0";"";"3612";"Bytové hospodářství";"5153";"Plyn";"";"";"0";"60000";""
"2016";"2016-01-01";"ROZ";"232001";"0000000000126";"Bytové hospodářství";"0";"";"3612";"Bytové hospodářství";"5154";"Elektrická energie";"";"";"0";"575000";""
"2016";"2016-01-01";"ROZ";"232001";"0000000000219";"Údržba privatizovaných domů";"0";"";"3612";"Bytové hospodářství";"5154";"Elektrická energie";"";"";"0";"5000";""
"2016";"2016-01-01";"ROZ";"232001";"0000000000126";"Bytové hospodářství";"0";"";"3612";"Bytové hospodářství";"5161";"Služby pošt";"";"";"0";"20300";""
"2016";"2016-01-01";"ROZ";"232001";"0000000000126";"Bytové hospodářství";"0";"";"3612";"Bytové hospodářství";"5162";"Služby telekomunikací a radiokomunikací";"";"";"0";"10000";""
"2016";"2016-01-01";"ROZ";"232001";"0000000000126";"Bytové hospodářství";"0";"";"3612";"Bytové hospodářství";"5169";"Nákup ostatních služeb";"";"";"0";"2052000";""
"2016";"2016-01-01";"ROZ";"232001";"0000000000223";"Ekologické nocležiště";"0";"";"3429";"Ostatní zájmová činnost a rekreace";"5169";"Nákup ostatních služeb";"";"";"0";"30000";""
"2016";"2016-01-01";"ROZ";"232001";"0000000000179";"Koupaliště";"0";"";"3429";"Ostatní zájmová činnost a rekreace";"5169";"Nákup ostatních služeb";"";"";"0";"250000";""
"2016";"2016-01-01";"ROZ";"232001";"0000000000223";"Ekologické nocležiště";"0";"";"3429";"Ostatní zájmová činnost a rekreace";"5154";"Elektrická energie";"";"";"0";"40000";""
"2016";"2016-01-01";"ROZ";"232001";"0000000000323";"Dotace";"0";"";"3419";"Ostatní tělovýchovná činnost";"5222";"Neinvestiční transfery občanským sdružením";"";"";"0";"1000000";""
"2016";"2016-01-01";"ROZ";"232001";"0000000000146";"Sportoviště - hřiště";"0";"";"3421";"Využití volného času dětí a mládeže";"5137";"Drobný hmotný dlouhodobý majetek";"";"";"0";"336000";""
"2016";"2016-01-01";"ROZ";"232001";"0000000000146";"Sportoviště - hřiště";"0";"";"3421";"Využití volného času dětí a mládeže";"5139";"Nákup materiálu jinde nezařazený";"";"";"0";"112500";""
"2016";"2016-01-01";"ROZ";"232001";"0000000000146";"Sportoviště - hřiště";"0";"";"3421";"Využití volného času dětí a mládeže";"5151";"Studená voda";"";"";"0";"7000";""
"2016";"2016-01-01";"ROZ";"232001";"0000000000146";"Sportoviště - hřiště";"0";"";"3421";"Využití volného času dětí a mládeže";"5154";"Elektrická energie";"";"";"0";"5000";""
"2016";"2016-01-01";"ROZ";"232001";"0000000000146";"Sportoviště - hřiště";"0";"";"3421";"Využití volného času dětí a mládeže";"5156";"Pohonné hmoty a maziva";"";"";"0";"9000";""
"2016";"2016-01-01";"ROZ";"232001";"0000000000146";"Sportoviště - hřiště";"0";"";"3421";"Využití volného času dětí a mládeže";"5169";"Nákup ostatních služeb";"";"";"0";"171000";""
"2016";"2016-01-01";"ROZ";"232001";"0000000000146";"Sportoviště - hřiště";"0";"";"3421";"Využití volného času dětí a mládeže";"5171";"Opravy a udržování";"";"";"0";"101000";""
"2016";"2016-01-01";"ROZ";"232001";"0000000000151";"Dům dětí a mládeže";"0";"";"3421";"Využití volného času dětí a mládeže";"5331";"Neinvestiční příspěvky zřízeným příspěvkovým organizacím";"";"";"0";"830000";""
"2016";"2016-01-01";"ROZ";"232001";"0000000000149";"Přemístění ZUŠ";"5102";"";"3421";"Využití volného času dětí a mládeže";"6121";"Budovy, haly a stavby";"";"";"0";"1000000";""
"2016";"2016-01-01";"ROZ";"232001";"0000000000303";"Hlinné – sportoviště střídačky";"9116";"";"3421";"Využití volného času dětí a mládeže";"6121";"Budovy, haly a stavby";"";"";"0";"50000";""
"2016";"2016-01-01";"ROZ";"232001";"0000000000223";"Ekologické nocležiště";"0";"";"3429";"Ostatní zájmová činnost a rekreace";"5151";"Studená voda";"";"";"0";"5000";""
"2016";"2016-01-01";"ROZ";"232001";"0000000000134";"Novoměstské sociální služby";"0";"";"3612";"Bytové hospodářství";"5169";"Nákup ostatních služeb";"";"";"0";"512000";""
"2016";"2016-01-01";"ROZ";"232001";"0000000000219";"Údržba privatizovaných domů";"0";"";"3612";"Bytové hospodářství";"5169";"Nákup ostatních služeb";"";"";"0";"100000";""
"2016";"2016-01-01";"ROZ";"232001";"0000000000122";"Sbor dobrovolných hasičů";"0";"";"3613";"Nebytové hospodářství";"5152";"Teplo";"";"";"0";"250000";""
"2016";"2016-01-01";"ROZ";"232001";"0000000000299";"Nebytové hospodářství";"0";"";"3613";"Nebytové hospodářství";"5152";"Teplo";"";"";"0";"495000";""
"2016";"2016-01-01";"ROZ";"232001";"0000000000122";"Sbor dobrovolných hasičů";"0";"";"3613";"Nebytové hospodářství";"5153";"Plyn";"";"";"0";"53000";""
"2016";"2016-01-01";"ROZ";"232001";"0000000000299";"Nebytové hospodářství";"0";"";"3613";"Nebytové hospodářství";"5153";"Plyn";"";"";"0";"562000";""
"2016";"2016-01-01";"ROZ";"232001";"0000000000122";"Sbor dobrovolných hasičů";"0";"";"3613";"Nebytové hospodářství";"5154";"Elektrická energie";"";"";"0";"311000";""
"2016";"2016-01-01";"ROZ";"232001";"0000000000196";"Kino";"0";"";"3613";"Nebytové hospodářství";"5154";"Elektrická energie";"";"";"0";"67000";""
"2016";"2016-01-01";"ROZ";"232001";"0000000000299";"Nebytové hospodářství";"0";"";"3613";"Nebytové hospodářství";"5154";"Elektrická energie";"";"";"0";"711000";""
"2016";"2016-01-01";"ROZ";"232001";"0000000000299";"Nebytové hospodářství";"0";"";"3613";"Nebytové hospodářství";"5155";"Pevná paliva";"";"";"0";"60000";""
"2016";"2016-01-01";"ROZ";"232001";"0000000000299";"Nebytové hospodářství";"0";"";"3613";"Nebytové hospodářství";"5161";"Služby pošt";"";"";"0";"5000";""
"2016";"2016-01-01";"ROZ";"232001";"0000000000122";"Sbor dobrovolných hasičů";"0";"";"3613";"Nebytové hospodářství";"5169";"Nákup ostatních služeb";"";"";"0";"19000";""
"2016";"2016-01-01";"ROZ";"232001";"0000000000196";"Kino";"0";"";"3613";"Nebytové hospodářství";"5169";"Nákup ostatních služeb";"";"";"0";"3000";""
"2016";"2016-01-01";"ROZ";"232001";"0000000000299";"Nebytové hospodářství";"0";"";"3613";"Nebytové hospodářství";"5169";"Nákup ostatních služeb";"";"";"0";"278000";""
"2016";"2016-01-01";"ROZ";"232001";"0000000000299";"Nebytové hospodářství";"0";"";"3613";"Nebytové hospodářství";"5151";"Studená voda";"";"";"0";"227000";""
"2016";"2016-01-01";"ROZ";"232001";"0000000000196";"Kino";"0";"";"3613";"Nebytové hospodářství";"5151";"Studená voda";"";"";"0";"20000";""
"2016";"2016-01-01";"ROZ";"232001";"0000000000122";"Sbor dobrovolných hasičů";"0";"";"3613";"Nebytové hospodářství";"5151";"Studená voda";"";"";"0";"70000";""
"2016";"2016-01-01";"ROZ";"232001";"0000000000126";"Bytové hospodářství";"0";"";"3612";"Bytové hospodářství";"5171";"Opravy a udržování";"";"";"0";"150000";""
"2016";"2016-01-01";"ROZ";"232001";"0000000000219";"Údržba privatizovaných domů";"0";"";"3612";"Bytové hospodářství";"5171";"Opravy a udržování";"";"";"0";"50000";""
"2016";"2016-01-01";"ROZ";"232001";"0000000000126";"Bytové hospodářství";"1909";"";"3612";"Bytové hospodářství";"5171";"Opravy a udržování";"";"";"0";"680000";""
"2016";"2016-01-01";"ROZ";"232001";"0000000000126";"Bytové hospodářství";"3002";"";"3612";"Bytové hospodářství";"5171";"Opravy a udržování";"";"";"0";"1400000";""
"2016";"2016-01-01";"ROZ";"232001";"0000000000219";"Údržba privatizovaných domů";"0";"";"3612";"Bytové hospodářství";"5189";"Ostatní poskytované zálohy a jistiny";"";"";"0";"900000";""
"2016";"2016-01-01";"ROZ";"232001";"0000000000219";"Údržba privatizovaných domů";"0";"";"3612";"Bytové hospodářství";"5199";"Ostatní výdaje související s neinvestičními nákupy";"";"";"0";"525000";""
"2016";"2016-01-01";"ROZ";"232001";"0000000000126";"Bytové hospodářství";"0";"";"3612";"Bytové hospodářství";"5362";"Platby daní a poplatků státnímu rozpočtu";"";"";"0";"10000";""
"2016";"2016-01-01";"ROZ";"232001";"0000000000392";"Komunitní dům seniorů NMNM";"7714";"";"3612";"Bytové hospodářství";"6121";"Budovy, haly a stavby";"";"";"0";"1000000";""
"2016";"2016-01-01";"ROZ";"232001";"0000000000284";"NSS - projekt a rekonstrukce kotelny na DPS";"7717";"Přechody pro chodce";"3612";"Bytové hospodářství";"6121";"Budovy, haly a stavby";"";"";"0";"1500000";""
"2016";"2016-01-01";"ROZ";"232001";"0000000000299";"Nebytové hospodářství";"0";"";"3613";"Nebytové hospodářství";"5137";"Drobný hmotný dlouhodobý majetek";"";"";"0";"40000";""
"2016";"2016-01-01";"ROZ";"232001";"0000000000122";"Sbor dobrovolných hasičů";"0";"";"3613";"Nebytové hospodářství";"5139";"Nákup materiálu jinde nezařazený";"";"";"0";"7000";""
"2016";"2016-01-01";"ROZ";"232001";"0000000000299";"Nebytové hospodářství";"0";"";"3613";"Nebytové hospodářství";"5139";"Nákup materiálu jinde nezařazený";"";"";"0";"15000";""
"2016";"2016-01-01";"ROZ";"232001";"0000000000122";"Sbor dobrovolných hasičů";"0";"";"3613";"Nebytové hospodářství";"5171";"Opravy a udržování";"";"";"0";"145000";""
"2016";"2016-01-01";"ROZ";"232001";"0000000000122";"Sbor dobrovolných hasičů";"0";"";"5512";"Požární ochrana-dobrovolná část";"5039";"Ostatní povinné pojistné placené zaměstnavatelem";"";"";"0";"19700";""
"2016";"2016-01-01";"ROZ";"232001";"0000000000124";"Vnitřní správa";"0";"";"6171";"Činnost místní správy";"5132";"Ochranné pomůcky";"";"";"0";"30000";""
"2016";"2016-01-01";"ROZ";"232001";"0000000000124";"Vnitřní správa";"0";"";"6171";"Činnost místní správy";"5136";"Knihy, učební pomůcky a tisk";"";"";"0";"32000";""
"2016";"2016-01-01";"ROZ";"232001";"0000000000124";"Vnitřní správa";"0";"";"6171";"Činnost místní správy";"5137";"Drobný hmotný dlouhodobý majetek";"";"";"0";"186000";""
"2016";"2016-01-01";"ROZ";"232001";"0000000000208";"Výpočetní technika";"0";"";"6171";"Činnost místní správy";"5137";"Drobný hmotný dlouhodobý majetek";"";"";"0";"160000";""
"2016";"2016-01-01";"ROZ";"232001";"0000000000124";"Vnitřní správa";"0";"";"6171";"Činnost místní správy";"5139";"Nákup materiálu jinde nezařazený";"";"";"0";"320000";""
"2016";"2016-01-01";"ROZ";"232001";"0000000000208";"Výpočetní technika";"0";"";"6171";"Činnost místní správy";"5139";"Nákup materiálu jinde nezařazený";"";"";"0";"200000";""
"2016";"2016-01-01";"ROZ";"232001";"0000000000124";"Vnitřní správa";"0";"";"6171";"Činnost místní správy";"5151";"Studená voda";"";"";"0";"95000";""
"2016";"2016-01-01";"ROZ";"232001";"0000000000124";"Vnitřní správa";"0";"";"6171";"Činnost místní správy";"5153";"Plyn";"";"";"0";"440000";""
"2016";"2016-01-01";"ROZ";"232001";"0000000000124";"Vnitřní správa";"0";"";"6171";"Činnost místní správy";"5154";"Elektrická energie";"";"";"0";"980000";""
"2016";"2016-01-01";"ROZ";"232001";"0000000000124";"Vnitřní správa";"0";"";"6171";"Činnost místní správy";"5156";"Pohonné hmoty a maziva";"";"";"0";"140000";""
"2016";"2016-01-01";"ROZ";"232001";"0000000000124";"Vnitřní správa";"0";"";"6171";"Činnost místní správy";"5161";"Služby pošt";"";"";"0";"555000";""
"2016";"2016-01-01";"ROZ";"232001";"0000000000124";"Vnitřní správa";"0";"";"6171";"Činnost místní správy";"5162";"Služby telekomunikací a radiokomunikací";"";"";"0";"528000";""
"2016";"2016-01-01";"ROZ";"232001";"0000000000124";"Vnitřní správa";"0";"";"6171";"Činnost místní správy";"5038";"Povinné pojistné na úrazové pojištění";"";"";"0";"108000";""
"2016";"2016-01-01";"ROZ";"232001";"0000000000124";"Vnitřní správa";"0";"";"6112";"Zastupitelstva obcí";"5176";"Účastnické poplatky na konference";"";"";"0";"8000";""
"2016";"2016-01-01";"ROZ";"232001";"0000000000124";"Vnitřní správa";"0";"";"6112";"Zastupitelstva obcí";"5173";"Cestovné (tuzemské i zahraniční)";"";"";"0";"20000";""
"2016";"2016-01-01";"ROZ";"232001";"0000000000122";"Sbor dobrovolných hasičů";"0";"";"5512";"Požární ochrana-dobrovolná část";"5132";"Ochranné pomůcky";"";"";"0";"96100";""
"2016";"2016-01-01";"ROZ";"232001";"0000000000122";"Sbor dobrovolných hasičů";"0";"";"5512";"Požární ochrana-dobrovolná část";"5134";"Prádlo, oděv a obuv";"";"";"0";"51100";""
"2016";"2016-01-01";"ROZ";"232001";"0000000000122";"Sbor dobrovolných hasičů";"0";"";"5512";"Požární ochrana-dobrovolná část";"5137";"Drobný hmotný dlouhodobý majetek";"";"";"0";"117000";""
"2016";"2016-01-01";"ROZ";"232001";"0000000000122";"Sbor dobrovolných hasičů";"0";"";"5512";"Požární ochrana-dobrovolná část";"5139";"Nákup materiálu jinde nezařazený";"";"";"0";"228300";""
"2016";"2016-01-01";"ROZ";"232001";"0000000000122";"Sbor dobrovolných hasičů";"0";"";"5512";"Požární ochrana-dobrovolná část";"5156";"Pohonné hmoty a maziva";"";"";"0";"181400";""
"2016";"2016-01-01";"ROZ";"232001";"0000000000122";"Sbor dobrovolných hasičů";"0";"";"5512";"Požární ochrana-dobrovolná část";"5162";"Služby telekomunikací a radiokomunikací";"";"";"0";"25000";""
"2016";"2016-01-01";"ROZ";"232001";"0000000000122";"Sbor dobrovolných hasičů";"0";"";"5512";"Požární ochrana-dobrovolná část";"5163";"Služby peněžních ústavů";"";"";"0";"155000";""
"2016";"2016-01-01";"ROZ";"232001";"0000000000122";"Sbor dobrovolných hasičů";"0";"";"5512";"Požární ochrana-dobrovolná část";"5167";"Služby školení a vzdělávání";"";"";"0";"10000";""
"2016";"2016-01-01";"ROZ";"232001";"0000000000122";"Sbor dobrovolných hasičů";"0";"";"5512";"Požární ochrana-dobrovolná část";"5169";"Nákup ostatních služeb";"";"";"0";"105300";""
"2016";"2016-01-01";"ROZ";"232001";"0000000000122";"Sbor dobrovolných hasičů";"0";"";"5512";"Požární ochrana-dobrovolná část";"5171";"Opravy a udržování";"";"";"0";"174000";""
"2016";"2016-01-01";"ROZ";"232001";"0000000000122";"Sbor dobrovolných hasičů";"0";"";"5512";"Požární ochrana-dobrovolná část";"5222";"Neinvestiční transfery občanským sdružením";"";"";"0";"70400";""
"2016";"2016-01-01";"ROZ";"232001";"0000000000124";"Vnitřní správa";"0";"";"6112";"Zastupitelstva obcí";"5167";"Služby školení a vzdělávání";"";"";"0";"3000";""
"2016";"2016-01-01";"ROZ";"232001";"0000000000208";"Výpočetní technika";"0";"";"6171";"Činnost místní správy";"5162";"Služby telekomunikací a radiokomunikací";"";"";"0";"600000";""
"2016";"2016-01-01";"ROZ";"232001";"0000000000124";"Vnitřní správa";"0";"";"6171";"Činnost místní správy";"5163";"Služby peněžních ústavů";"";"";"0";"57000";""
"2016";"2016-01-01";"ROZ";"232001";"0000000000124";"Vnitřní správa";"0";"";"6171";"Činnost místní správy";"5362";"Platby daní a poplatků státnímu rozpočtu";"";"";"0";"700000";""
"2016";"2016-01-01";"ROZ";"232001";"0000000000200";"Všeobecná pokladní správa";"0";"";"6223";"Mezinárodní spolupráce(jinde nezařazená)";"5511";"Neinvestiční transfery mezinárodním organizacím";"";"";"0";"5000";""
"2016";"2016-01-01";"ROZ";"232001";"0000000000200";"Všeobecná pokladní správa";"0";"";"6310";"Obecné příjmy a výdaje z finančních operací";"5163";"Služby peněžních ústavů";"";"";"0";"75000";""
"2016";"2016-01-01";"ROZ";"232001";"0000000000200";"Všeobecná pokladní správa";"0";"";"6320";"Pojištění funkčně nespecifikované";"5163";"Služby peněžních ústavů";"";"";"0";"250000";""
"2016";"2016-01-01";"ROZ";"232001";"0000000000200";"Všeobecná pokladní správa";"0";"";"6399";"Ostatní finanční operace";"5171";"Opravy a udržování";"";"";"0";"220000";""
"2016";"2016-01-01";"ROZ";"232001";"0000000000177";"Granty  + příspěvky";"0";"";"6399";"Ostatní finanční operace";"5229";"Ostatní neinvestiční transfery neziskovým a podobným organizacím";"";"";"0";"3570000";""
"2016";"2016-01-01";"ROZ";"232001";"0000000000200";"Všeobecná pokladní správa";"0";"";"6399";"Ostatní finanční operace";"5362";"Platby daní a poplatků státnímu rozpočtu";"";"";"0";"12000000";""
"2016";"2016-01-01";"ROZ";"232001";"0000000000200";"Všeobecná pokladní správa";"51";"";"6399";"Ostatní finanční operace";"5901";"Nespecifikované rezervy";"";"";"0";"4350000";""
"2016";"2016-01-01";"ROZ";"232001";"0000000000200";"Všeobecná pokladní správa";"52";"";"6399";"Ostatní finanční operace";"5901";"Nespecifikované rezervy";"";"";"0";"830000";""
"2016";"2016-01-01";"ROZ";"232001";"0000000000360";"Novoměstská karta";"0";"";"6409";"Ostatní činnosti jinde nezařazené";"5192";"Poskytnuté neinvestiční příspěvky a náhrady (část)";"";"";"0";"50000";""
"2016";"2016-01-01";"ROZ";"232001";"0000000000200";"Všeobecná pokladní správa";"0";"";"6409";"Ostatní činnosti jinde nezařazené";"5222";"Neinvestiční transfery občanským sdružením";"";"";"0";"150000";""
"2016";"2016-01-01";"ROZ";"232001";"0000000000200";"Všeobecná pokladní správa";"0";"";"6409";"Ostatní činnosti jinde nezařazené";"5229";"Ostatní neinvestiční transfery neziskovým a podobným organizacím";"";"";"0";"105000";""
"2016";"2016-01-01";"ROZ";"232001";"0000000000124";"Vnitřní správa";"0";"";"6171";"Činnost místní správy";"5361";"Nákup kolků";"";"";"0";"20000";""
"2016";"2016-01-01";"ROZ";"232001";"0000000000124";"Vnitřní správa";"0";"";"6171";"Činnost místní správy";"5195";"Odvody za neplnění povinnosti zaměstnávat zdravotně postižené";"";"";"0";"130000";""
"2016";"2016-01-01";"ROZ";"232001";"0000000000124";"Vnitřní správa";"0";"";"6171";"Činnost místní správy";"5194";"Věcné dary";"";"";"0";"370000";""
"2016";"2016-01-01";"ROZ";"232001";"0000000000124";"Vnitřní správa";"0";"";"6171";"Činnost místní správy";"5166";"Konzultační, poradenské a právní služby";"";"";"0";"120000";""
"2016";"2016-01-01";"ROZ";"232001";"0000000000124";"Vnitřní správa";"0";"";"6171";"Činnost místní správy";"5167";"Služby školení a vzdělávání";"";"";"0";"365000";""
"2016";"2016-01-01";"ROZ";"232001";"0000000000208";"Výpočetní technika";"0";"";"6171";"Činnost místní správy";"5168";"Služby zpracování dat";"";"";"0";"1475000";""
"2016";"2016-01-01";"ROZ";"232001";"0000000000124";"Vnitřní správa";"0";"";"6171";"Činnost místní správy";"5169";"Nákup ostatních služeb";"";"";"0";"2070000";""
"2016";"2016-01-01";"ROZ";"232001";"0000000000208";"Výpočetní technika";"0";"";"6171";"Činnost místní správy";"5169";"Nákup ostatních služeb";"";"";"0";"100000";""
"2016";"2016-01-01";"ROZ";"232001";"0000000000124";"Vnitřní správa";"0";"";"6171";"Činnost místní správy";"5171";"Opravy a udržování";"";"";"0";"450000";""
"2016";"2016-01-01";"ROZ";"232001";"0000000000208";"Výpočetní technika";"0";"";"6171";"Činnost místní správy";"5171";"Opravy a udržování";"";"";"0";"100000";""
"2016";"2016-01-01";"ROZ";"232001";"0000000000208";"Výpočetní technika";"0";"";"6171";"Činnost místní správy";"5172";"Programové vybavení";"";"";"0";"150000";""
"2016";"2016-01-01";"ROZ";"232001";"0000000000124";"Vnitřní správa";"0";"";"6171";"Činnost místní správy";"5173";"Cestovné (tuzemské i zahraniční)";"";"";"0";"120000";""
"2016";"2016-01-01";"ROZ";"232001";"0000000000124";"Vnitřní správa";"0";"";"6171";"Činnost místní správy";"5175";"Pohoštění";"";"";"0";"160000";""
"2016";"2016-01-01";"ROZ";"232001";"0000000000124";"Vnitřní správa";"0";"";"6171";"Činnost místní správy";"5176";"Účastnické poplatky na konference";"";"";"0";"10000";""
"2016";"2016-01-01";"ROZ";"232001";"0000000000124";"Vnitřní správa";"0";"";"6171";"Činnost místní správy";"5192";"Poskytnuté neinvestiční příspěvky a náhrady (část)";"";"";"0";"30000";""
"2016";"2016-01-01";"ROZ";"232001";"0000000000131";"Sociální fond";"0";"";"6171";"Činnost místní správy";"5499";"Ostatní neinvestiční transfery obyvatelstvu";"";"";"0";"660100";""
"2016";"2016-01-01";"ROZ";"232001";"0000000000137";"Pohřebnictví";"0";"";"3722";"Sběr a svoz komunálních odpadů";"5169";"Nákup ostatních služeb";"";"";"0";"160000";""
"2016";"2016-01-01";"ROZ";"232001";"0000000000232";"Veřejná zeleň - údržba dřevin";"0";"";"3745";"Péče o vzhled obcí a veřejnou zeleň";"5139";"Nákup materiálu jinde nezařazený";"";"";"0";"50300";""
"2016";"2016-01-01";"ROZ";"232001";"0000000000113";"Kašny";"0";"";"3745";"Péče o vzhled obcí a veřejnou zeleň";"5151";"Studená voda";"";"";"0";"30000";""
"2016";"2016-01-01";"ROZ";"232001";"0000000000113";"Kašny";"0";"";"3745";"Péče o vzhled obcí a veřejnou zeleň";"5154";"Elektrická energie";"";"";"0";"32000";""
"2016";"2016-01-01";"ROZ";"232001";"0000000000230";"Veřejná zeleň - sečení";"0";"";"3745";"Péče o vzhled obcí a veřejnou zeleň";"5156";"Pohonné hmoty a maziva";"";"";"0";"23000";""
"2016";"2016-01-01";"ROZ";"232001";"0000000000113";"Kašny";"0";"";"3745";"Péče o vzhled obcí a veřejnou zeleň";"5169";"Nákup ostatních služeb";"";"";"0";"50000";""
"2016";"2016-01-01";"ROZ";"232001";"0000000000230";"Veřejná zeleň - sečení";"0";"";"3745";"Péče o vzhled obcí a veřejnou zeleň";"5169";"Nákup ostatních služeb";"";"";"0";"2155700";""
"2016";"2016-01-01";"ROZ";"232001";"0000000000231";"Veřejná zeleň - údržba záhonů";"0";"";"3745";"Péče o vzhled obcí a veřejnou zeleň";"5169";"Nákup ostatních služeb";"";"";"0";"720000";""
"2016";"2016-01-01";"ROZ";"232001";"0000000000232";"Veřejná zeleň - údržba dřevin";"0";"";"3745";"Péče o vzhled obcí a veřejnou zeleň";"5169";"Nákup ostatních služeb";"";"";"0";"801300";""
"2016";"2016-01-01";"ROZ";"232001";"0000000000113";"Kašny";"0";"";"3745";"Péče o vzhled obcí a veřejnou zeleň";"5171";"Opravy a udržování";"";"";"0";"10000";""
"2016";"2016-01-01";"ROZ";"232001";"0000000000121";"Čištění - koše";"0";"";"3745";"Péče o vzhled obcí a veřejnou zeleň";"5171";"Opravy a udržování";"";"";"0";"40000";""
"2016";"2016-01-01";"ROZ";"232001";"0000000000125";"Lavičky";"0";"";"3745";"Péče o vzhled obcí a veřejnou zeleň";"5171";"Opravy a udržování";"";"";"0";"5000";""
"2016";"2016-01-01";"ROZ";"232001";"0000000000232";"Veřejná zeleň - údržba dřevin";"0";"";"3745";"Péče o vzhled obcí a veřejnou zeleň";"5361";"Nákup kolků";"";"";"0";"1000";""
"2016";"2016-01-01";"ROZ";"232001";"0000000000231";"Veřejná zeleň - údržba záhonů";"0";"";"3745";"Péče o vzhled obcí a veřejnou zeleň";"5139";"Nákup materiálu jinde nezařazený";"";"";"0";"132500";""
"2016";"2016-01-01";"ROZ";"232001";"0000000000230";"Veřejná zeleň - sečení";"0";"";"3745";"Péče o vzhled obcí a veřejnou zeleň";"5139";"Nákup materiálu jinde nezařazený";"";"";"0";"14000";""
"2016";"2016-01-01";"ROZ";"232001";"0000000000125";"Lavičky";"0";"";"3745";"Péče o vzhled obcí a veřejnou zeleň";"5139";"Nákup materiálu jinde nezařazený";"";"";"0";"10000";""
"2016";"2016-01-01";"ROZ";"232001";"0000000000141";"Svoz komunálního odpadu";"0";"";"3722";"Sběr a svoz komunálních odpadů";"5169";"Nákup ostatních služeb";"";"";"0";"8100000";""
"2016";"2016-01-01";"ROZ";"232001";"0000000000141";"Svoz komunálního odpadu";"0";"";"3726";"Využívání a zneškodňování ostatních odpadů";"5139";"Nákup materiálu jinde nezařazený";"";"";"0";"50000";""
"2016";"2016-01-01";"ROZ";"232001";"0000000000306";"Kompostárna Pohledec";"9615";"";"3726";"Využívání a zneškodňování ostatních odpadů";"6121";"Budovy, haly a stavby";"";"";"0";"50000";""
"2016";"2016-01-01";"ROZ";"232001";"0000000000101";"Ekologické skládky";"0";"";"3728";"Monitoring nakládání s odpady";"5169";"Nákup ostatních služeb";"";"";"0";"40000";""
"2016";"2016-01-01";"ROZ";"232001";"0000000000141";"Svoz komunálního odpadu";"0";"";"3728";"Monitoring nakládání s odpady";"5169";"Nákup ostatních služeb";"";"";"0";"60000";""
"2016";"2016-01-01";"ROZ";"232001";"0000000000101";"Ekologické skládky";"0";"";"3729";"Ostatní nakládání s odpady";"5169";"Nákup ostatních služeb";"";"";"0";"30000";""
"2016";"2016-01-01";"ROZ";"232001";"0000000000194";"Vodní hospodářství a životní prostředí - státní správa";"0";"";"3733";"Monitoring půdy a podzemní vody";"5169";"Nákup ostatních služeb";"";"";"0";"10000";""
"2016";"2016-01-01";"ROZ";"232001";"0000000000194";"Vodní hospodářství a životní prostředí - státní správa";"0";"";"3742";"Chráněné části přírody";"5169";"Nákup ostatních služeb";"";"";"0";"5000";""
"2016";"2016-01-01";"ROZ";"232001";"0000000000125";"Lavičky";"0";"";"3745";"Péče o vzhled obcí a veřejnou zeleň";"5137";"Drobný hmotný dlouhodobý majetek";"";"";"0";"20000";""
"2016";"2016-01-01";"ROZ";"232001";"0000000000230";"Veřejná zeleň - sečení";"0";"";"3745";"Péče o vzhled obcí a veřejnou zeleň";"5137";"Drobný hmotný dlouhodobý majetek";"";"";"0";"20000";""
"2016";"2016-01-01";"ROZ";"232001";"0000000000113";"Kašny";"0";"";"3745";"Péče o vzhled obcí a veřejnou zeleň";"5139";"Nákup materiálu jinde nezařazený";"";"";"0";"8000";""
"2016";"2016-01-01";"ROZ";"232001";"0000000000121";"Čištění - koše";"0";"";"3745";"Péče o vzhled obcí a veřejnou zeleň";"5139";"Nákup materiálu jinde nezařazený";"";"";"0";"20000";""
"2016";"2016-01-01";"ROZ";"232001";"0000000000311";"Lokalita 3 kříže - projekt příprava";"1030";" Zastávky městské hromadné dopravy ";"3745";"Péče o vzhled obcí a veřejnou zeleň";"6121";"Budovy, haly a stavby";"";"";"0";"100000";""
"2016";"2016-01-01";"ROZ";"232001";"0000000000157";"Nadační fond města Nového Města na Moravě";"0";"";"3900";"Ostatní činnosti související se službami pro obyva";"5229";"Ostatní neinvestiční transfery neziskovým a podobným organizacím";"";"";"0";"50000";""
"2016";"2016-01-01";"ROZ";"232001";"0000000000123";"Městská policie";"0";"";"5311";"Bezpečnost a veřejný pořádek";"5156";"Pohonné hmoty a maziva";"";"";"0";"60000";""
"2016";"2016-01-01";"ROZ";"232001";"0000000000123";"Městská policie";"0";"";"5311";"Bezpečnost a veřejný pořádek";"5162";"Služby telekomunikací a radiokomunikací";"";"";"0";"22000";""
"2016";"2016-01-01";"ROZ";"232001";"0000000000123";"Městská policie";"0";"";"5311";"Bezpečnost a veřejný pořádek";"5163";"Služby peněžních ústavů";"";"";"0";"10000";""
"2016";"2016-01-01";"ROZ";"232001";"0000000000123";"Městská policie";"0";"";"5311";"Bezpečnost a veřejný pořádek";"5164";"Nájemné";"";"";"0";"21100";""
"2016";"2016-01-01";"ROZ";"232001";"0000000000123";"Městská policie";"0";"";"5311";"Bezpečnost a veřejný pořádek";"5167";"Služby školení a vzdělávání";"";"";"0";"5000";""
"2016";"2016-01-01";"ROZ";"232001";"0000000000123";"Městská policie";"0";"";"5311";"Bezpečnost a veřejný pořádek";"5169";"Nákup ostatních služeb";"";"";"0";"15000";""
"2016";"2016-01-01";"ROZ";"232001";"0000000000123";"Městská policie";"0";"";"5311";"Bezpečnost a veřejný pořádek";"5171";"Opravy a udržování";"";"";"0";"23000";""
"2016";"2016-01-01";"ROZ";"232001";"0000000000322";"Městský kamerový systém";"0";"";"5311";"Bezpečnost a veřejný pořádek";"5171";"Opravy a udržování";"";"";"0";"20000";""
"2016";"2016-01-01";"ROZ";"232001";"0000000000123";"Městská policie";"0";"";"5311";"Bezpečnost a veřejný pořádek";"5173";"Cestovné (tuzemské i zahraniční)";"";"";"0";"5000";""
"2016";"2016-01-01";"ROZ";"232001";"0000000000123";"Městská policie";"0";"";"5311";"Bezpečnost a veřejný pořádek";"5361";"Nákup kolků";"";"";"0";"1000";""
"2016";"2016-01-01";"ROZ";"232001";"0000000000123";"Městská policie";"0";"";"5311";"Bezpečnost a veřejný pořádek";"5362";"Platby daní a poplatků státnímu rozpočtu";"";"";"0";"10000";""
"2016";"2016-01-01";"ROZ";"232001";"0000000000352";"Upgrade SW pro kamerový systém městské policie";"1023";"";"5311";"Bezpečnost a veřejný pořádek";"6111";"Programové vybavení";"";"";"0";"150000";""
"2016";"2016-01-01";"ROZ";"232001";"0000000000123";"Městská policie";"0";"";"5311";"Bezpečnost a veřejný pořádek";"5154";"Elektrická energie";"";"";"0";"16000";""
"2016";"2016-01-01";"ROZ";"232001";"0000000000123";"Městská policie";"0";"";"5311";"Bezpečnost a veřejný pořádek";"5152";"Teplo";"";"";"0";"38000";""
"2016";"2016-01-01";"ROZ";"232001";"0000000000123";"Městská policie";"0";"";"5311";"Bezpečnost a veřejný pořádek";"5151";"Studená voda";"";"";"0";"4000";""
"2016";"2016-01-01";"ROZ";"232001";"0000000000165";"Státní příspěvek na výkon pěstounské péče";"0";"";"4339";"Ostatní sociální péče a pomoc rodině a manželství";"5169";"Nákup ostatních služeb";"";"";"0";"295000";""
"2016";"2016-01-01";"ROZ";"232001";"0000000000173";"Sociální věci";"0";"";"4341";"Sociál.pomoc os. v hmot.nouzi a obč.soc.nepřizp.";"5492";"Dary obyvatelstvu";"";"";"0";"10000";""
"2016";"2016-01-01";"ROZ";"232001";"0000000000173";"Sociální věci";"0";"";"4343";"Soc.pomoc osobám v souv.s živelní pohromou,požárem";"5492";"Dary obyvatelstvu";"";"";"0";"40000";""
"2016";"2016-01-01";"ROZ";"232001";"0000000000245";"Komunitní plán";"0";"";"4349";"Ost.sociální péče a pomoc ost.skupinám obyv.";"5136";"Knihy, učební pomůcky a tisk";"";"";"0";"5000";""
"2016";"2016-01-01";"ROZ";"232001";"0000000000245";"Komunitní plán";"0";"";"4349";"Ost.sociální péče a pomoc ost.skupinám obyv.";"5139";"Nákup materiálu jinde nezařazený";"";"";"0";"5000";""
"2016";"2016-01-01";"ROZ";"232001";"0000000000134";"Novoměstské sociální služby";"0";"";"4351";"Osob.asist,pečov.sl. a podpora samostat.bydlení";"5331";"Neinvestiční příspěvky zřízeným příspěvkovým organizacím";"";"";"0";"5257000";""
"2016";"2016-01-01";"ROZ";"232001";"0000000000134";"Novoměstské sociální služby";"7716";"";"4351";"Osob.asist,pečov.sl. a podpora samostat.bydlení";"6351";"Investiční transfery zřízeným příspěvkovým organizacím";"";"";"0";"140000";""
"2016";"2016-01-01";"ROZ";"232001";"0000000000118";"Centrum Zdislava";"0";"";"4356";"Denní stacionáře a centra denních služeb";"5331";"Neinvestiční příspěvky zřízeným příspěvkovým organizacím";"";"";"0";"2310000";""
"2016";"2016-01-01";"ROZ";"232001";"0000000000123";"Městská policie";"0";"";"5311";"Bezpečnost a veřejný pořádek";"5132";"Ochranné pomůcky";"";"";"0";"1800";""
"2016";"2016-01-01";"ROZ";"232001";"0000000000123";"Městská policie";"0";"";"5311";"Bezpečnost a veřejný pořádek";"5134";"Prádlo, oděv a obuv";"";"";"0";"40000";""
"2016";"2016-01-01";"ROZ";"232001";"0000000000123";"Městská policie";"0";"";"5311";"Bezpečnost a veřejný pořádek";"5136";"Knihy, učební pomůcky a tisk";"";"";"0";"1000";""
"2016";"2016-01-01";"ROZ";"232001";"0000000000123";"Městská policie";"0";"";"5311";"Bezpečnost a veřejný pořádek";"5139";"Nákup materiálu jinde nezařazený";"";"";"0";"7000";""
"2016";"2016-01-01";"ROZ";"232001";"0000000000122";"Sbor dobrovolných hasičů";"0";"";"5512";"Požární ochrana-dobrovolná část";"5019";"Ostatní platy";"";"";"0";"800";""
"2016";"2016-01-01";"ROZ";"232001";"0000000000000";"Ostatní";"0";"";"0";"Bez ODPA";"1113";"Daň z příjmů fyzických osob z kapitálových výnosů";"";"";"2200000";"0";""
"2016";"2016-01-01";"ROZ";"232001";"0000000000015";"Správní poplatky - Živnostenský úřad";"0";"";"0";"Bez ODPA";"1361";"Správní poplatky";"";"";"150000";"0";""
"2016";"2016-01-01";"ROZ";"232001";"0000000000016";"Správní poplatky - Občanské průkazy";"0";"";"0";"Bez ODPA";"1361";"Správní poplatky";"";"";"23000";"0";""
"2016";"2016-01-01";"ROZ";"232001";"0000000000017";"Správní poplatky - Pasy";"0";"";"0";"Bez ODPA";"1361";"Správní poplatky";"";"";"350000";"0";""
"2016";"2016-01-01";"ROZ";"232001";"0000000000018";"Správní poplatky - Evidence obyvatel";"0";"";"0";"Bez ODPA";"1361";"Správní poplatky";"";"";"10000";"0";""
"2016";"2016-01-01";"ROZ";"232001";"0000000000020";"Správní poplatky - Myslivecký lístek";"0";"";"0";"Bez ODPA";"1361";"Správní poplatky";"";"";"10000";"0";""
"2016";"2016-01-01";"ROZ";"232001";"0000000000021";"Správní poplatky - Odbor dopravy";"0";"";"0";"Bez ODPA";"1361";"Správní poplatky";"";"";"1350000";"0";""
"2016";"2016-01-01";"ROZ";"232001";"0000000000024";"Správní poplatky - Ověřování listin a podpisů";"0";"";"0";"Bez ODPA";"1361";"Správní poplatky";"";"";"90000";"0";""
"2016";"2016-01-01";"ROZ";"232001";"0000000000031";"Správní poplatky - Ověřený výstup z inf. systému veř. správy - KN ";"0";"";"0";"Bez ODPA";"1361";"Správní poplatky";"";"";"20000";"0";""
"2016";"2016-01-01";"ROZ";"232001";"0000000000032";"Správní poplatky - Ověřený výstup z inf. systému veř. správy - RT";"0";"";"0";"Bez ODPA";"1361";"Správní poplatky";"";"";"35000";"0";""
"2016";"2016-01-01";"ROZ";"232001";"0000000000033";"Správní poplatky - Ověřený výstup z inf. systému veř. správy - OR";"0";"";"0";"Bez ODPA";"1361";"Správní poplatky";"";"";"5000";"0";""
"2016";"2016-01-01";"ROZ";"232001";"0000000000000";"Ostatní";"0";"";"0";"Bez ODPA";"1511";"Daň z nemovitostí";"";"";"4600000";"0";""
"2016";"2016-01-01";"ROZ";"232001";"0000000000144";"Lesní hospodářství";"0";"";"1032";"Podpora ostatních produkčních činností";"2111";"Příjmy z poskytování služeb a výrobků";"";"";"2608300";"0";""
"2016";"2016-01-01";"ROZ";"232001";"0000000000012";"Správní poplatky - Matrika";"0";"";"0";"Bez ODPA";"1361";"Správní poplatky";"";"";"60000";"0";""
"2016";"2016-01-01";"ROZ";"232001";"0000000000011";"Správní poplatky - Rybářský lístek";"0";"";"0";"Bez ODPA";"1361";"Správní poplatky";"";"";"25000";"0";""
"2016";"2016-01-01";"ROZ";"232001";"0000000000010";"Správní poplatky - Odbor stavební";"0";"";"0";"Bez ODPA";"1361";"Správní poplatky";"";"";"1000000";"0";""
"2016";"2016-01-01";"ROZ";"232001";"0000000000000";"Ostatní";"0";"";"0";"Bez ODPA";"1121";"Daň z příjmů právnických osob";"";"";"22000000";"0";""
"2016";"2016-01-01";"ROZ";"232001";"0000000000000";"Ostatní";"0";"";"0";"Bez ODPA";"1122";"Daň z příjmů právnických osob za obce";"";"";"11000000";"0";""
"2016";"2016-01-01";"ROZ";"232001";"0000000000000";"Ostatní";"0";"";"0";"Bez ODPA";"1211";"Daň z přidané hodnoty";"";"";"48000000";"0";""
"2016";"2016-01-01";"ROZ";"232001";"0000000000000";"Ostatní";"0";"";"0";"Bez ODPA";"1334";"Odvody za odnětí půdy ze zemědělského půdního fondu";"";"";"10000";"0";""
"2016";"2016-01-01";"ROZ";"232001";"0000000000141";"Svoz komunálního odpadu";"0";"";"0";"Bez ODPA";"1340";"Poplatek za provoz systému shromažďování, sběru, přepravy, třídění, využívání a odstraňování komunálních odpadů";"";"";"4500000";"0";""
"2016";"2016-01-01";"ROZ";"232001";"0000000000000";"Ostatní";"0";"";"0";"Bez ODPA";"1341";"Poplatek ze psů";"";"";"225400";"0";""
"2016";"2016-01-01";"ROZ";"232001";"0000000000000";"Ostatní";"0";"";"0";"Bez ODPA";"1342";"Poplatek za lázeňský nebo rekreační pobyt";"";"";"176000";"0";""
"2016";"2016-01-01";"ROZ";"232001";"0000000000130";"Tržnice";"0";"";"0";"Bez ODPA";"1343";"Poplatek za užívání veřejného prostranství";"";"";"100000";"0";""
"2016";"2016-01-01";"ROZ";"232001";"0000000000135";"Doprava";"0";"";"0";"Bez ODPA";"1343";"Poplatek za užívání veřejného prostranství";"";"";"265000";"0";""
"2016";"2016-01-01";"ROZ";"232001";"0000000000000";"Ostatní";"0";"";"0";"Bez ODPA";"1345";"Poplatek z ubytovací kapacity";"";"";"216400";"0";""
"2016";"2016-01-01";"ROZ";"232001";"0000000000000";"Ostatní";"0";"";"0";"Bez ODPA";"1351";"Odvod z loterií a podobných her kromě z výherních hracích přístrojů";"";"";"350000";"0";""
"2016";"2016-01-01";"ROZ";"232001";"0000000000000";"Ostatní";"0";"";"0";"Bez ODPA";"1353";"Příjmy za zkoušky z odborné způsobilosti od žadatelů o řidičské oprávnění";"";"";"150000";"0";""
"2016";"2016-01-01";"ROZ";"232001";"0000000000144";"Lesní hospodářství";"0";"";"1032";"Podpora ostatních produkčních činností";"2131";"Příjmy z pronájmu pozemků";"";"";"500000";"0";""
"2016";"2016-01-01";"ROZ";"232001";"0000000000145";"Kamenolom";"0";"";"2119";"Ost.záležitosti těžebního průmyslu a energetiky";"2111";"Příjmy z poskytování služeb a výrobků";"";"";"8971800";"0";""
"2016";"2016-01-01";"ROZ";"232001";"0000000000134";"Novoměstské sociální služby";"0";"";"3612";"Bytové hospodářství";"2132";"Příjmy z pronájmu ostatních nemovitostí a jejich částí";"";"";"1371400";"0";""
"2016";"2016-01-01";"ROZ";"232001";"0000000000126";"Bytové hospodářství";"0";"";"3612";"Bytové hospodářství";"3112";"Příjmy z prodeje ostatních nemovitostí a jejich částí";"";"";"2000000";"0";""
"2016";"2016-01-01";"ROZ";"232001";"0000000000299";"Nebytové hospodářství";"0";"";"3613";"Nebytové hospodářství";"2111";"Příjmy z poskytování služeb a výrobků";"";"";"83000";"0";""
"2016";"2016-01-01";"ROZ";"232001";"0000000000299";"Nebytové hospodářství";"0";"";"3613";"Nebytové hospodářství";"2132";"Příjmy z pronájmu ostatních nemovitostí a jejich částí";"";"";"3540000";"0";""
"2016";"2016-01-01";"ROZ";"232001";"0000000000137";"Pohřebnictví";"0";"";"3632";"Pohřebnictví";"2111";"Příjmy z poskytování služeb a výrobků";"";"";"271800";"0";""
"2016";"2016-01-01";"ROZ";"232001";"0000000000147";"Veřejné WC";"0";"";"3639";"Komunální služby a územní rozvoj jinde nezařazené";"2111";"Příjmy z poskytování služeb a výrobků";"";"";"90000";"0";""
"2016";"2016-01-01";"ROZ";"232001";"0000000000298";"Pronájem - pozemky";"0";"";"3639";"Komunální služby a územní rozvoj jinde nezařazené";"2131";"Příjmy z pronájmu pozemků";"";"";"372000";"0";""
"2016";"2016-01-01";"ROZ";"232001";"0000000000133";"Plynovody";"0";"";"3639";"Komunální služby a územní rozvoj jinde nezařazené";"2133";"Příjmy z pronájmu movitých věcí";"";"";"33000";"0";""
"2016";"2016-01-01";"ROZ";"232001";"0000000000133";"Plynovody";"0";"";"3639";"Komunální služby a územní rozvoj jinde nezařazené";"3112";"Příjmy z prodeje ostatních nemovitostí a jejich částí";"";"";"300000";"0";""
"2016";"2016-01-01";"ROZ";"232001";"0000000000141";"Svoz komunálního odpadu";"0";"";"3725";"Využívání a zneškodňování komunálních odpadů";"2111";"Příjmy z poskytování služeb a výrobků";"";"";"1340000";"0";""
"2016";"2016-01-01";"ROZ";"232001";"0000000000141";"Svoz komunálního odpadu";"0";"";"3727";"Prevence vzniku odpadů";"2111";"Příjmy z poskytování služeb a výrobků";"";"";"105000";"0";""
"2016";"2016-01-01";"ROZ";"232001";"0000000000101";"Ekologické skládky";"0";"";"3729";"Ostatní nakládání s odpady";"2111";"Příjmy z poskytování služeb a výrobků";"";"";"5000";"0";""
"2016";"2016-01-01";"ROZ";"232001";"0000000000126";"Bytové hospodářství";"0";"";"3612";"Bytové hospodářství";"2132";"Příjmy z pronájmu ostatních nemovitostí a jejich částí";"";"";"12206600";"0";""
"2016";"2016-01-01";"ROZ";"232001";"0000000000126";"Bytové hospodářství";"0";"";"3612";"Bytové hospodářství";"2111";"Příjmy z poskytování služeb a výrobků";"";"";"4389400";"0";""
"2016";"2016-01-01";"ROZ";"232001";"0000000000151";"Dům dětí a mládeže";"0";"";"3421";"Využití volného času dětí a mládeže";"2122";"Odvody příspěvkových organizací";"";"";"74000";"0";""
"2016";"2016-01-01";"ROZ";"232001";"0000000000136";"Veřejné osvětlení";"0";"";"2144";"Ostatní služby";"2133";"Příjmy z pronájmu movitých věcí";"";"";"162000";"0";""
"2016";"2016-01-01";"ROZ";"232001";"0000000000124";"Vnitřní správa";"0";"";"2169";"Ost.správa v průmyslu,stavebnictví,obch.a službách";"2212";"Sankční platby přijaté od jiných subjektů";"";"";"20000";"0";""
"2016";"2016-01-01";"ROZ";"232001";"0000000000135";"Doprava";"0";"";"2212";"Silnice";"2321";"Přijaté neinvestiční dary";"";"";"100000";"0";""
"2016";"2016-01-01";"ROZ";"232001";"0000000000135";"Doprava";"0";"";"2219";"Ostatní záležitosti pozemních komunikací";"2111";"Příjmy z poskytování služeb a výrobků";"";"";"670000";"0";""
"2016";"2016-01-01";"ROZ";"232001";"0000000000124";"Vnitřní správa";"0";"";"2299";"Ostatní záležitosti v dopravě";"2212";"Sankční platby přijaté od jiných subjektů";"";"";"180000";"0";""
"2016";"2016-01-01";"ROZ";"232001";"0000000000100";"Vodní hospodářství";"0";"";"2341";"Vodní díla v zemědělské krajině";"2139";"Ostatní příjmy z pronájmu majetku";"";"";"90000";"0";""
"2016";"2016-01-01";"ROZ";"232001";"0000000000171";"Mateřská škola";"0";"";"3111";"Předškolní zařízení";"2122";"Odvody příspěvkových organizací";"";"";"1067600";"0";""
"2016";"2016-01-01";"ROZ";"232001";"0000000000106";"I. základní škola";"0";"";"3113";"Základní školy";"2122";"Odvody příspěvkových organizací";"";"";"1746000";"0";""
"2016";"2016-01-01";"ROZ";"232001";"0000000000107";"II. základní škola";"0";"";"3113";"Základní školy";"2122";"Odvody příspěvkových organizací";"";"";"1786000";"0";""
"2016";"2016-01-01";"ROZ";"232001";"0000000000116";"Základní umělecká škola";"0";"";"3231";"Základní umělecké školy";"2122";"Odvody příspěvkových organizací";"";"";"164000";"0";""
"2016";"2016-01-01";"ROZ";"232001";"0000000000120";"Novoměstská kulturní zařízení";"0";"";"3392";"Zájmová činnost v kultuře";"2122";"Odvody příspěvkových organizací";"";"";"995000";"0";""
"2016";"2016-01-01";"ROZ";"232001";"0000000000233";"Městské lázně";"0";"";"3412";"Sportovní zařízení v majetku obcí";"2132";"Příjmy z pronájmu ostatních nemovitostí a jejich částí";"";"";"2218000";"0";""
"2016";"2016-01-01";"ROZ";"232001";"0000000000124";"Vnitřní správa";"0";"";"3769";"Ostatní správa v ochraně životního prostředí";"2212";"Sankční platby přijaté od jiných subjektů";"";"";"20000";"0";""
"2016";"2016-01-01";"ROZ";"232001";"0000000000133";"Plynovody";"0";"";"3639";"Komunální služby a územní rozvoj jinde nezařazené";"5137";"Drobný hmotný dlouhodobý majetek";"";"";"0";"250000";""
"2016";"2016-01-01";"ROZ";"232001";"0000000000168";"BESIP";"0";"";"2223";"Bezpečnost silničního provozu";"5021";"Ostatní osobní výdaje";"";"";"0";"34000";""
"2016";"2016-01-01";"ROZ";"232001";"0000000000119";"Kultura";"0";"";"3319";"Ostatní záležitosti kultury";"5021";"Ostatní osobní výdaje";"";"";"0";"45000";""
"2016";"2016-01-01";"ROZ";"232001";"0000000000119";"Kultura";"0";"";"3326";"Poříz.zachov.,obn.hodnot m.kult.,nár.,hist.pověd.";"5021";"Ostatní osobní výdaje";"";"";"0";"1000";""
"2016";"2016-01-01";"ROZ";"232001";"0000000000119";"Kultura";"0";"";"3399";"Ost.zál.kultury,církví a sdělovacích prostředků";"5021";"Ostatní osobní výdaje";"";"";"0";"17000";""
"2016";"2016-01-01";"ROZ";"232001";"0000000000146";"Sportoviště - hřiště";"0";"";"3421";"Využití volného času dětí a mládeže";"5021";"Ostatní osobní výdaje";"";"";"0";"38000";""
"2016";"2016-01-01";"ROZ";"232001";"0000000000299";"Nebytové hospodářství";"0";"";"3613";"Nebytové hospodářství";"5011";"Platy zaměstnanců v pracovním poměru";"";"";"0";"149800";""
"2016";"2016-01-01";"ROZ";"232001";"0000000000299";"Nebytové hospodářství";"0";"";"3613";"Nebytové hospodářství";"5021";"Ostatní osobní výdaje";"";"";"0";"5000";""
"2016";"2016-01-01";"ROZ";"232001";"0000000000299";"Nebytové hospodářství";"0";"";"3613";"Nebytové hospodářství";"5031";"Povinné pojistné na sociální zabezpečení a příspěvek na státní politiku zaměstnanosti";"";"";"0";"37500";""
"2016";"2016-01-01";"ROZ";"232001";"0000000000299";"Nebytové hospodářství";"0";"";"3613";"Nebytové hospodářství";"5032";"Povinné pojistné na veřejné zdravotní pojištění";"";"";"0";"13500";""
"2016";"2016-01-01";"ROZ";"232001";"0000000000125";"Lavičky";"0";"";"3745";"Péče o vzhled obcí a veřejnou zeleň";"5021";"Ostatní osobní výdaje";"";"";"0";"10000";""
"2016";"2016-01-01";"ROZ";"232001";"0000000000230";"Veřejná zeleň - sečení";"0";"";"3745";"Péče o vzhled obcí a veřejnou zeleň";"5021";"Ostatní osobní výdaje";"";"";"0";"104000";""
"2016";"2016-01-01";"ROZ";"232001";"0000000000123";"Městská policie";"0";"";"5311";"Bezpečnost a veřejný pořádek";"5011";"Platy zaměstnanců v pracovním poměru";"";"";"0";"2397000";""
"2016";"2016-01-01";"ROZ";"232001";"0000000000135";"Doprava";"0";"";"2221";"Provoz veřejné silniční dopravy";"5032";"Povinné pojistné na veřejné zdravotní pojištění";"";"";"0";"3600";""
"2016";"2016-01-01";"ROZ";"232001";"0000000000135";"Doprava";"0";"";"2221";"Provoz veřejné silniční dopravy";"5031";"Povinné pojistné na sociální zabezpečení a příspěvek na státní politiku zaměstnanosti";"";"";"0";"8400";""
"2016";"2016-01-01";"ROZ";"232001";"0000000000135";"Doprava";"0";"";"2221";"Provoz veřejné silniční dopravy";"5021";"Ostatní osobní výdaje";"";"";"0";"32000";""
"2016";"2016-01-01";"ROZ";"232001";"0000000000216";"Letní údržba komunikací, čištění";"0";"";"2212";"Silnice";"5021";"Ostatní osobní výdaje";"";"";"0";"21000";""
"2016";"2016-01-01";"ROZ";"232001";"0000000000216";"Letní údržba komunikací, čištění";"0";"";"2212";"Silnice";"5031";"Povinné pojistné na sociální zabezpečení a příspěvek na státní politiku zaměstnanosti";"";"";"0";"5500";""
"2016";"2016-01-01";"ROZ";"232001";"0000000000216";"Letní údržba komunikací, čištění";"0";"";"2212";"Silnice";"5032";"Povinné pojistné na veřejné zdravotní pojištění";"";"";"0";"2000";""
"2016";"2016-01-01";"ROZ";"232001";"0000000000135";"Doprava";"0";"";"2219";"Ostatní záležitosti pozemních komunikací";"5021";"Ostatní osobní výdaje";"";"";"0";"18500";""
"2016";"2016-01-01";"ROZ";"232001";"0000000000140";"Zimní údržba";"0";"";"2219";"Ostatní záležitosti pozemních komunikací";"5021";"Ostatní osobní výdaje";"";"";"0";"15000";""
"2016";"2016-01-01";"ROZ";"232001";"0000000000216";"Letní údržba komunikací, čištění";"0";"";"2219";"Ostatní záležitosti pozemních komunikací";"5021";"Ostatní osobní výdaje";"";"";"0";"9000";""
"2016";"2016-01-01";"ROZ";"232001";"0000000000135";"Doprava";"0";"";"2219";"Ostatní záležitosti pozemních komunikací";"5031";"Povinné pojistné na sociální zabezpečení a příspěvek na státní politiku zaměstnanosti";"";"";"0";"4300";""
"2016";"2016-01-01";"ROZ";"232001";"0000000000140";"Zimní údržba";"0";"";"2219";"Ostatní záležitosti pozemních komunikací";"5031";"Povinné pojistné na sociální zabezpečení a příspěvek na státní politiku zaměstnanosti";"";"";"0";"3800";""
"2016";"2016-01-01";"ROZ";"232001";"0000000000216";"Letní údržba komunikací, čištění";"0";"";"2219";"Ostatní záležitosti pozemních komunikací";"5031";"Povinné pojistné na sociální zabezpečení a příspěvek na státní politiku zaměstnanosti";"";"";"0";"2500";""
"2016";"2016-01-01";"ROZ";"232001";"0000000000135";"Doprava";"0";"";"2219";"Ostatní záležitosti pozemních komunikací";"5032";"Povinné pojistné na veřejné zdravotní pojištění";"";"";"0";"1400";""
"2016";"2016-01-01";"ROZ";"232001";"0000000000140";"Zimní údržba";"0";"";"2219";"Ostatní záležitosti pozemních komunikací";"5032";"Povinné pojistné na veřejné zdravotní pojištění";"";"";"0";"1800";""
"2016";"2016-01-01";"ROZ";"232001";"0000000000216";"Letní údržba komunikací, čištění";"0";"";"2219";"Ostatní záležitosti pozemních komunikací";"5032";"Povinné pojistné na veřejné zdravotní pojištění";"";"";"0";"900";""
"2016";"2016-01-01";"ROZ";"232001";"0000000000123";"Městská policie";"0";"";"5311";"Bezpečnost a veřejný pořádek";"5031";"Povinné pojistné na sociální zabezpečení a příspěvek na státní politiku zaměstnanosti";"";"";"0";"586200";""
"2016";"2016-01-01";"ROZ";"232001";"0000000000123";"Městská policie";"0";"";"5311";"Bezpečnost a veřejný pořádek";"5032";"Povinné pojistné na veřejné zdravotní pojištění";"";"";"0";"215700";""
"2016";"2016-01-01";"ROZ";"232001";"0000000000222";"Zaměstnanci z Úřadu práce";"0";"";"6171";"Činnost místní správy";"5032";"Povinné pojistné na veřejné zdravotní pojištění";"";"";"0";"88100";""
"2016";"2016-01-01";"ROZ";"232001";"0000000000124";"Vnitřní správa";"0";"";"6171";"Činnost místní správy";"5424";"Náhrady mezd v době nemoci";"";"";"0";"145000";""
"2016";"2016-01-01";"ROZ";"232001";"0000000000222";"Zaměstnanci z Úřadu práce";"0";"";"6171";"Činnost místní správy";"5424";"Náhrady mezd v době nemoci";"";"";"0";"15000";""
"2016";"2016-01-01";"ROZ";"232001";"0000000000213";"Zvyšování kvality MěÚ";"0";"";"6171";"Činnost místní správy";"5169";"Nákup ostatních služeb";"";"";"0";"70000";""
"2016";"2016-01-01";"ROZ";"232001";"0000000000238";"Maršovice – radar na měření rychlosti";"9310";"";"2223";"Bezpečnost silničního provozu";"6122";"Stroje, přístroje a zařízení";"";"";"0";"75000";""
"2016";"2016-01-01";"ROZ";"232001";"0000000000124";"Vnitřní správa";"0";"";"0";"Bez ODPA";"4112";"Neinvestiční přijaté transfery ze státního rozpočtu v rámci souhrnného dotačního vztahu";"";"";"15258200";"0";""
"2016";"2016-01-01";"ROZ";"232001";"0000000000136";"Veřejné osvětlení";"0";"";"0";"Bez ODPA";"4116";"Ostatní neinvestiční přijaté transfery ze státního rozpočtu";"";"";"150000";"0";""
"2016";"2016-01-01";"ROZ";"232001";"0000000000165";"Státní příspěvek na výkon pěstounské péče";"0";"";"0";"Bez ODPA";"4116";"Ostatní neinvestiční přijaté transfery ze státního rozpočtu";"";"";"240000";"0";""
"2016";"2016-01-01";"ROZ";"232001";"0000000000222";"Zaměstnanci z Úřadu práce";"0";"";"0";"Bez ODPA";"4116";"Ostatní neinvestiční přijaté transfery ze státního rozpočtu";"";"";"704000";"0";""
"2016";"2016-01-01";"ROZ";"232001";"0000000000299";"Nebytové hospodářství";"0";"";"0";"Bez ODPA";"4116";"Ostatní neinvestiční přijaté transfery ze státního rozpočtu";"";"";"96000";"0";""
"2016";"2016-01-01";"ROZ";"232001";"0000000000268";"Olešná - chodník podél st. silnice I/19 + přechod";"0";"";"0";"Bez ODPA";"4213";"Investiční přijaté transfery ze státních fondů";"";"";"537000";"0";""
"2016";"2016-01-01";"ROZ";"232001";"0000000000000";"Ostatní";"0";"";"0";"Bez ODPA";"1111";"Daň z příjmů fyz ických osob ze závislé činnosti a funkčních požitků";"";"";"22000000";"0";""
"2016";"2016-01-01";"ROZ";"232001";"0000000000124";"Vnitřní správa";"0";"";"6171";"Činnost místní správy";"5032";"Povinné pojistné na veřejné zdravotní pojištění";"";"";"0";"1922300";""
"2016";"2016-01-01";"ROZ";"232001";"0000000000222";"Zaměstnanci z Úřadu práce";"0";"";"6171";"Činnost místní správy";"5031";"Povinné pojistné na sociální zabezpečení a příspěvek na státní politiku zaměstnanosti";"";"";"0";"244800";""
"2016";"2016-01-01";"ROZ";"232001";"0000000000124";"Vnitřní správa";"0";"";"6171";"Činnost místní správy";"5031";"Povinné pojistné na sociální zabezpečení a příspěvek na státní politiku zaměstnanosti";"";"";"0";"5339700";""
"2016";"2016-01-01";"ROZ";"232001";"0000000000122";"Sbor dobrovolných hasičů";"0";"";"5512";"Požární ochrana-dobrovolná část";"5019";"Ostatní platy";"";"";"0";"57500";""
"2016";"2016-01-01";"ROZ";"232001";"0000000000122";"Sbor dobrovolných hasičů";"0";"";"5512";"Požární ochrana-dobrovolná část";"5021";"Ostatní osobní výdaje";"";"";"0";"598000";""
"2016";"2016-01-01";"ROZ";"232001";"0000000000122";"Sbor dobrovolných hasičů";"0";"";"5512";"Požární ochrana-dobrovolná část";"5031";"Povinné pojistné na sociální zabezpečení a příspěvek na státní politiku zaměstnanosti";"";"";"0";"149500";""
"2016";"2016-01-01";"ROZ";"232001";"0000000000122";"Sbor dobrovolných hasičů";"0";"";"5512";"Požární ochrana-dobrovolná část";"5032";"Povinné pojistné na veřejné zdravotní pojištění";"";"";"0";"53800";""
"2016";"2016-01-01";"ROZ";"232001";"0000000000124";"Vnitřní správa";"0";"";"6112";"Zastupitelstva obcí";"5021";"Ostatní osobní výdaje";"";"";"0";"68000";""
"2016";"2016-01-01";"ROZ";"232001";"0000000000124";"Vnitřní správa";"0";"";"6112";"Zastupitelstva obcí";"5023";"Odměny členů zastupitelstev obcí a krajů";"";"";"0";"1579000";""
"2016";"2016-01-01";"ROZ";"232001";"0000000000124";"Vnitřní správa";"0";"";"6112";"Zastupitelstva obcí";"5031";"Povinné pojistné na sociální zabezpečení a příspěvek na státní politiku zaměstnanosti";"";"";"0";"411800";""
"2016";"2016-01-01";"ROZ";"232001";"0000000000124";"Vnitřní správa";"0";"";"6112";"Zastupitelstva obcí";"5032";"Povinné pojistné na veřejné zdravotní pojištění";"";"";"0";"148200";""
"2016";"2016-01-01";"ROZ";"232001";"0000000000124";"Vnitřní správa";"0";"";"6112";"Zastupitelstva obcí";"5424";"Náhrady mezd v době nemoci";"";"";"0";"10000";""
"2016";"2016-01-01";"ROZ";"232001";"0000000000124";"Vnitřní správa";"0";"";"6171";"Činnost místní správy";"5011";"Platy zaměstnanců v pracovním poměru";"";"";"0";"21297000";""
"2016";"2016-01-01";"ROZ";"232001";"0000000000222";"Zaměstnanci z Úřadu práce";"0";"";"6171";"Činnost místní správy";"5011";"Platy zaměstnanců v pracovním poměru";"";"";"0";"979300";""
"2016";"2016-01-01";"ROZ";"232001";"0000000000124";"Vnitřní správa";"0";"";"6171";"Činnost místní správy";"5021";"Ostatní osobní výdaje";"";"";"0";"62000";""
"2016";"2016-01-01";"ROZ";"232001";"0000000000000";"Ostatní";"0";"";"0";"Bez ODPA";"1112";"Daň z příjmů fyzických osob ze samostatné výdělečné činnosti";"";"";"2500000";"0";""
"2016";"2016-01-01";"ROZ";"232001";"0000000000344";"Sportovní - lokalita (chodník u gymnázia, parkování u II. ZŠ)";"6202";"";"2219";"Ostatní záležitosti pozemních komunikací";"6121";"Budovy, haly a stavby";"";"";"0";"95000";""
"2016";"2016-01-01";"ROZ";"232001";"0000000000135";"Doprava";"0";"";"2229";"Ostatní záležitosti v silniční dopravě";"5169";"Nákup ostatních služeb";"";"";"0";"243000";""
"2016";"2016-01-01";"ROZ";"232001";"0000000000140";"Zimní údržba";"0";"";"2229";"Ostatní záležitosti v silniční dopravě";"5169";"Nákup ostatních služeb";"";"";"0";"17000";""
"2016";"2016-01-01";"ROZ";"232001";"0000000000135";"Doprava";"0";"";"2229";"Ostatní záležitosti v silniční dopravě";"5171";"Opravy a udržování";"";"";"0";"82000";""
"2016";"2016-01-01";"ROZ";"232001";"0000000000140";"Zimní údržba";"0";"";"2229";"Ostatní záležitosti v silniční dopravě";"5171";"Opravy a udržování";"";"";"0";"5000";""
"2016";"2016-01-01";"ROZ";"232001";"0000000000100";"Vodní hospodářství";"0";"";"2310";"Pitná voda";"5329";"Ostatní neinvestiční transfery veřejným rozpočtům územní úrovně";"";"";"0";"1049000";""
"2016";"2016-01-01";"ROZ";"232001";"0000000000343";"Vlachovická - novostavba vodovodu";"7205";"";"2310";"Pitná voda";"6349";"Ostatní investiční dotace veřejným rozpočtům územní úrovně";"";"";"0";"1290000";""
"2016";"2016-01-01";"ROZ";"232001";"0000000000100";"Vodní hospodářství";"0";"";"2321";"Odvádění a čištění odpad.vod a nakládání s kaly";"5169";"Nákup ostatních služeb";"";"";"0";"37000";""
"2016";"2016-01-01";"ROZ";"232001";"0000000000100";"Vodní hospodářství";"0";"";"2321";"Odvádění a čištění odpad.vod a nakládání s kaly";"5171";"Opravy a udržování";"";"";"0";"12000";""
"2016";"2016-01-01";"ROZ";"232001";"0000000000375";"Petrovice – rekonstrukce stávající jednotné kanalizace";"9506";"";"2321";"Odvádění a čištění odpad.vod a nakládání s kaly";"6121";"Budovy, haly a stavby";"";"";"0";"1500000";""
"2016";"2016-01-01";"ROZ";"232001";"0000000000304";"Regulace škrtících tratí odlehčovacích komor";"1014";"";"2321";"Odvádění a čištění odpad.vod a nakládání s kaly";"6349";"Ostatní investiční dotace veřejným rozpočtům územní úrovně";"";"";"0";"151000";""
"2016";"2016-01-01";"ROZ";"232001";"0000000000370";"Rekonstrukce kanalizace pod Klečkovským rybníkem";"3204";"";"2321";"Odvádění a čištění odpad.vod a nakládání s kaly";"6349";"Ostatní investiční dotace veřejným rozpočtům územní úrovně";"";"";"0";"429000";""
"2016";"2016-01-01";"ROZ";"232001";"0000000000100";"Vodní hospodářství";"0";"";"2341";"Vodní díla v zemědělské krajině";"5139";"Nákup materiálu jinde nezařazený";"";"";"0";"5000";""
"2016";"2016-01-01";"ROZ";"232001";"0000000000135";"Doprava";"0";"";"2229";"Ostatní záležitosti v silniční dopravě";"5139";"Nákup materiálu jinde nezařazený";"";"";"0";"25000";""
"2016";"2016-01-01";"ROZ";"232001";"0000000000168";"BESIP";"0";"";"2223";"Bezpečnost silničního provozu";"5171";"Opravy a udržování";"";"";"0";"6000";""
"2016";"2016-01-01";"ROZ";"232001";"0000000000135";"Doprava";"0";"";"2223";"Bezpečnost silničního provozu";"5139";"Nákup materiálu jinde nezařazený";"";"";"0";"10000";""
"2016";"2016-01-01";"ROZ";"232001";"0000000000387";"Tyršova-parkovací místa a chodník";"6622";"";"2219";"Ostatní záležitosti pozemních komunikací";"6121";"Budovy, haly a stavby";"";"";"0";"95000";""
"2016";"2016-01-01";"ROZ";"232001";"0000000000206";"Vančurova – chodník";"7001";"";"2219";"Ostatní záležitosti pozemních komunikací";"6121";"Budovy, haly a stavby";"";"";"0";"100000";""
"2016";"2016-01-01";"ROZ";"232001";"0000000000390";"Cyklostezka Vlachovická";"7207";"";"2219";"Ostatní záležitosti pozemních komunikací";"6121";"Budovy, haly a stavby";"";"";"0";"110000";""
"2016";"2016-01-01";"ROZ";"232001";"0000000000321";"Vratislavovo nám. - příprava rekonstrukce";"7334";"";"2219";"Ostatní záležitosti pozemních komunikací";"6121";"Budovy, haly a stavby";"";"";"0";"300000";""
"2016";"2016-01-01";"ROZ";"232001";"0000000000268";"Olešná - chodník podél st. silnice I/19 + přechod";"9411";"";"2219";"Ostatní záležitosti pozemních komunikací";"6121";"Budovy, haly a stavby";"";"";"0";"806000";""
"2016";"2016-01-01";"ROZ";"232001";"0000000000391";"Olešná-lávka";"9416";"";"2219";"Ostatní záležitosti pozemních komunikací";"6121";"Budovy, haly a stavby";"";"";"0";"200000";""
"2016";"2016-01-01";"ROZ";"232001";"0000000000135";"Doprava";"0";"";"2221";"Provoz veřejné silniční dopravy";"5139";"Nákup materiálu jinde nezařazený";"";"";"0";"6000";""
"2016";"2016-01-01";"ROZ";"232001";"0000000000135";"Doprava";"0";"";"2221";"Provoz veřejné silniční dopravy";"5169";"Nákup ostatních služeb";"";"";"0";"36000";""
"2016";"2016-01-01";"ROZ";"232001";"0000000000135";"Doprava";"0";"";"2221";"Provoz veřejné silniční dopravy";"5171";"Opravy a udržování";"";"";"0";"64000";""
"2016";"2016-01-01";"ROZ";"232001";"0000000000135";"Doprava";"0";"";"2221";"Provoz veřejné silniční dopravy";"5193";"Výdaje na dopravní územní obslužnost";"";"";"0";"400000";""
"2016";"2016-01-01";"ROZ";"232001";"0000000000246";"Městská hromadná doprava - provoz";"0";"";"2221";"Provoz veřejné silniční dopravy";"5193";"Výdaje na dopravní územní obslužnost";"";"";"0";"1100000";""
"2016";"2016-01-01";"ROZ";"232001";"0000000000183";"Zastávky městské hromadné dopravy - investiční část";"1011";"";"2221";"Provoz veřejné silniční dopravy";"6121";"Budovy, haly a stavby";"";"";"0";"300000";""
"2016";"2016-01-01";"ROZ";"232001";"0000000000100";"Vodní hospodářství";"0";"";"2341";"Vodní díla v zemědělské krajině";"5164";"Nájemné";"";"";"0";"500";""
"2016";"2016-01-01";"ROZ";"232001";"0000000000100";"Vodní hospodářství";"0";"";"2341";"Vodní díla v zemědělské krajině";"5169";"Nákup ostatních služeb";"";"";"0";"88000";""
"2016";"2016-01-01";"ROZ";"232001";"0000000000393";"Vybudování výtahu a dostavba zázemí na dvorku HM";"7329";"";"3322";"Zachování a obnova kulturních památek";"6121";"Budovy, haly a stavby";"";"";"0";"400000";""
"2016";"2016-01-01";"ROZ";"232001";"0000000000128";"Veřejný rozhlas";"0";"";"3349";"Ost.záležitosti sdělovacích prostředků";"5139";"Nákup materiálu jinde nezařazený";"";"";"0";"10000";""
"2016";"2016-01-01";"ROZ";"232001";"0000000000128";"Veřejný rozhlas";"0";"";"3349";"Ost.záležitosti sdělovacích prostředků";"5169";"Nákup ostatních služeb";"";"";"0";"34000";""
"2016";"2016-01-01";"ROZ";"232001";"0000000000128";"Veřejný rozhlas";"0";"";"3349";"Ost.záležitosti sdělovacích prostředků";"5171";"Opravy a udržování";"";"";"0";"13000";""
"2016";"2016-01-01";"ROZ";"232001";"0000000000120";"Novoměstská kulturní zařízení";"0";"";"3392";"Zájmová činnost v kultuře";"5331";"Neinvestiční příspěvky zřízeným příspěvkovým organizacím";"";"";"0";"11158000";""
"2016";"2016-01-01";"ROZ";"232001";"0000000000120";"Novoměstská kulturní zařízení";"6625";"";"3392";"Zájmová činnost v kultuře";"5331";"Neinvestiční příspěvky zřízeným příspěvkovým organizacím";"";"";"0";"550000";""
"2016";"2016-01-01";"ROZ";"232001";"0000000000120";"Novoměstská kulturní zařízení";"6625";"";"3392";"Zájmová činnost v kultuře";"6351";"Investiční transfery zřízeným příspěvkovým organizacím";"";"";"0";"150000";""
"2016";"2016-01-01";"ROZ";"232001";"0000000000119";"Kultura";"0";"";"3399";"Ost.zál.kultury,církví a sdělovacích prostředků";"5139";"Nákup materiálu jinde nezařazený";"";"";"0";"57000";""
"2016";"2016-01-01";"ROZ";"232001";"0000000000119";"Kultura";"0";"";"3399";"Ost.zál.kultury,církví a sdělovacích prostředků";"5169";"Nákup ostatních služeb";"";"";"0";"35500";""
"2016";"2016-01-01";"ROZ";"232001";"0000000000119";"Kultura";"0";"";"3399";"Ost.zál.kultury,církví a sdělovacích prostředků";"5194";"Věcné dary";"";"";"0";"208000";""
"2016";"2016-01-01";"ROZ";"232001";"0000000000119";"Kultura";"0";"";"3399";"Ost.zál.kultury,církví a sdělovacích prostředků";"5492";"Dary obyvatelstvu";"";"";"0";"124000";""
"2016";"2016-01-01";"ROZ";"232001";"0000000000233";"Městské lázně";"0";"";"3412";"Sportovní zařízení v majetku obcí";"5213";"Neinvestiční transfery nefinančním podnikatelským subjektům-právnickým osobám";"";"";"0";"3200000";""
"2016";"2016-01-01";"ROZ";"232001";"0000000000119";"Kultura";"1019";"";"3322";"Zachování a obnova kulturních památek";"5493";"Účelové neinvestiční transfery nepodnikajícím fyzickým osobám";"";"";"0";"80000";""
"2016";"2016-01-01";"ROZ";"232001";"0000000000119";"Kultura";"0";"";"3319";"Ostatní záležitosti kultury";"5493";"Účelové neinvestiční transfery nepodnikajícím fyzickým osobám";"";"";"0";"3000";""
"2016";"2016-01-01";"ROZ";"232001";"0000000000119";"Kultura";"0";"";"3319";"Ostatní záležitosti kultury";"5194";"Věcné dary";"";"";"0";"13000";""
"2016";"2016-01-01";"ROZ";"232001";"0000000000100";"Vodní hospodářství";"0";"";"2341";"Vodní díla v zemědělské krajině";"5171";"Opravy a udržování";"";"";"0";"108000";""
"2016";"2016-01-01";"ROZ";"232001";"0000000000171";"Mateřská škola";"0";"";"3111";"Předškolní zařízení";"5331";"Neinvestiční příspěvky zřízeným příspěvkovým organizacím";"";"";"0";"4300000";""
"2016";"2016-01-01";"ROZ";"232001";"0000000000171";"Mateřská škola";"9811";"";"3111";"Předškolní zařízení";"5331";"Neinvestiční příspěvky zřízeným příspěvkovým organizacím";"";"";"0";"450000";""
"2016";"2016-01-01";"ROZ";"232001";"0000000000353";"Pohledec - mateřská škola – zateplení fasáda";"9608";"";"3111";"Předškolní zařízení";"6121";"Budovy, haly a stavby";"";"";"0";"50000";""
"2016";"2016-01-01";"ROZ";"232001";"0000000000106";"I. základní škola";"6627";"";"3113";"Základní školy";"5171";"Opravy a udržování";"";"";"0";"950000";""
"2016";"2016-01-01";"ROZ";"232001";"0000000000106";"I. základní škola";"0";"";"3113";"Základní školy";"5331";"Neinvestiční příspěvky zřízeným příspěvkovým organizacím";"";"";"0";"3965000";""
"2016";"2016-01-01";"ROZ";"232001";"0000000000107";"II. základní škola";"0";"";"3113";"Základní školy";"5331";"Neinvestiční příspěvky zřízeným příspěvkovým organizacím";"";"";"0";"3935000";""
"2016";"2016-01-01";"ROZ";"232001";"0000000000347";"II. základní škola - propojení školy a školní jídelny";"3203";"";"3113";"Základní školy";"6121";"Budovy, haly a stavby";"";"";"0";"5000000";""
"2016";"2016-01-01";"ROZ";"232001";"0000000000355";"I. základní škola - rekonstrukce elektroinstalace - III. etapa";"7317";"";"3113";"Základní školy";"6121";"Budovy, haly a stavby";"";"";"0";"3667000";""
"2016";"2016-01-01";"ROZ";"232001";"0000000000119";"Kultura";"0";"";"3319";"Ostatní záležitosti kultury";"5139";"Nákup materiálu jinde nezařazený";"";"";"0";"63000";""
"2016";"2016-01-01";"ROZ";"232001";"0000000000119";"Kultura";"0";"";"3319";"Ostatní záležitosti kultury";"5169";"Nákup ostatních služeb";"";"";"0";"195000";""
"2016";"2016-01-01";"ROZ";"232001";"0000000000119";"Kultura";"0";"";"3319";"Ostatní záležitosti kultury";"5171";"Opravy a udržování";"";"";"0";"10000";""
"2016";"2016-01-01";"ROZ";"232001";"0000000000233";"Městské lázně";"2301";"";"3412";"Sportovní zařízení v majetku obcí";"6121";"Budovy, haly a stavby";"";"";"0";"5300000";""
"2016";"2016-01-01";"ROZ";"232001";"0000000000134";"Novoměstské sociální služby";"0";"";"4351";"Osob.asist,pečov.sl. a podpora samostat.bydlení";"2122";"Odvody příspěvkových organizací";"";"";"77200";"0";""
"2016";"2016-01-01";"ROZ";"232001";"0000000000145";"Kamenolom";"0";"";"2119";"Ost.záležitosti těžebního průmyslu a energetiky";"5169";"Nákup ostatních služeb";"";"";"0";"7123800";""
"2016";"2016-01-01";"ROZ";"232001";"0000000000130";"Tržnice";"0";"";"2141";"Vnitřní obchod";"5137";"Drobný hmotný dlouhodobý majetek";"";"";"0";"23000";""
"2016";"2016-01-01";"ROZ";"232001";"0000000000130";"Tržnice";"0";"";"2141";"Vnitřní obchod";"5139";"Nákup materiálu jinde nezařazený";"";"";"0";"5000";""
"2016";"2016-01-01";"ROZ";"232001";"0000000000130";"Tržnice";"0";"";"2141";"Vnitřní obchod";"5154";"Elektrická energie";"";"";"0";"15000";""
"2016";"2016-01-01";"ROZ";"232001";"0000000000130";"Tržnice";"0";"";"2141";"Vnitřní obchod";"5169";"Nákup ostatních služeb";"";"";"0";"30000";""
"2016";"2016-01-01";"ROZ";"232001";"0000000000130";"Tržnice";"0";"";"2141";"Vnitřní obchod";"5171";"Opravy a udržování";"";"";"0";"10000";""
"2016";"2016-01-01";"ROZ";"232001";"0000000000291";"Propagace singltreků Novoměstsko";"0";"";"2143";"Cestovní ruch";"5136";"Knihy, učební pomůcky a tisk";"";"";"0";"40000";""
"2016";"2016-01-01";"ROZ";"232001";"0000000000214";"Destinace cestovního ruchu Novoměstsko";"0";"";"2143";"Cestovní ruch";"5139";"Nákup materiálu jinde nezařazený";"";"";"0";"42000";""
"2016";"2016-01-01";"ROZ";"232001";"0000000000291";"Propagace singltreků Novoměstsko";"0";"";"2143";"Cestovní ruch";"5139";"Nákup materiálu jinde nezařazený";"";"";"0";"5000";""
"2016";"2016-01-01";"ROZ";"232001";"0000000000214";"Destinace cestovního ruchu Novoměstsko";"0";"";"2143";"Cestovní ruch";"5169";"Nákup ostatních služeb";"";"";"0";"68000";""
"2016";"2016-01-01";"ROZ";"232001";"0000000000291";"Propagace singltreků Novoměstsko";"0";"";"2143";"Cestovní ruch";"5169";"Nákup ostatních služeb";"";"";"0";"110000";""
"2016";"2016-01-01";"ROZ";"232001";"0000000000291";"Propagace singltreků Novoměstsko";"0";"";"2143";"Cestovní ruch";"5175";"Pohoštění";"";"";"0";"5000";""
"2016";"2016-01-01";"ROZ";"232001";"0000000000144";"Lesní hospodářství";"0";"";"1037";"Celospolečenské funkce lesů";"5169";"Nákup ostatních služeb";"";"";"0";"185000";""
"2016";"2016-01-01";"ROZ";"232001";"0000000000144";"Lesní hospodářství";"0";"";"1036";"Správa v lesním hospodářství";"5169";"Nákup ostatních služeb";"";"";"0";"125000";""
"2016";"2016-01-01";"ROZ";"232001";"0000000000144";"Lesní hospodářství";"0";"";"1032";"Podpora ostatních produkčních činností";"5169";"Nákup ostatních služeb";"";"";"0";"1450000";""
"2016";"2016-01-01";"ROZ";"232001";"0000000000118";"Centrum Zdislava";"0";"";"4356";"Denní stacionáře a centra denních služeb";"2122";"Odvody příspěvkových organizací";"";"";"240000";"0";""
"2016";"2016-01-01";"ROZ";"232001";"0000000000123";"Městská policie";"0";"";"5311";"Bezpečnost a veřejný pořádek";"2212";"Sankční platby přijaté od jiných subjektů";"";"";"200000";"0";""
"2016";"2016-01-01";"ROZ";"232001";"0000000000122";"Sbor dobrovolných hasičů";"0";"";"5512";"Požární ochrana-dobrovolná část";"2111";"Příjmy z poskytování služeb a výrobků";"";"";"20000";"0";""
"2016";"2016-01-01";"ROZ";"232001";"0000000000208";"Výpočetní technika";"0";"";"6171";"Činnost místní správy";"2111";"Příjmy z poskytování služeb a výrobků";"";"";"260000";"0";""
"2016";"2016-01-01";"ROZ";"232001";"0000000000123";"Městská policie";"0";"";"6171";"Činnost místní správy";"2212";"Sankční platby přijaté od jiných subjektů";"";"";"20000";"0";""
"2016";"2016-01-01";"ROZ";"232001";"0000000000124";"Vnitřní správa";"0";"";"6171";"Činnost místní správy";"2212";"Sankční platby přijaté od jiných subjektů";"";"";"5000";"0";""
"2016";"2016-01-01";"ROZ";"232001";"0000000000124";"Vnitřní správa";"0";"";"6171";"Činnost místní správy";"2324";"Přijaté nekapitálové příspěvky a náhrady";"";"";"700000";"0";""
"2016";"2016-01-01";"ROZ";"232001";"0000000000124";"Vnitřní správa";"0";"";"6171";"Činnost místní správy";"3111";"Příjmy z prodeje pozemků";"";"";"200000";"0";""
"2016";"2016-01-01";"ROZ";"232001";"0000000000200";"Všeobecná pokladní správa";"0";"";"6310";"Obecné příjmy a výdaje z finančních operací";"2141";"Příjmy z úroků (část)";"";"";"250000";"0";""
"2016";"2016-01-01";"ROZ";"232001";"0000000000200";"Všeobecná pokladní správa";"0";"";"6320";"Pojištění funkčně nespecifikované";"2322";"Přijaté pojistné náhrady";"";"";"250000";"0";""
"2016";"2016-01-01";"ROZ";"232001";"0000000000176";"Deratizace";"0";"";"1014";"Ozdrav.hosp.zvířat,pol.plodin a zvl.veterin.péče";"5169";"Nákup ostatních služeb";"";"";"0";"100000";""
"2016";"2016-01-01";"ROZ";"232001";"0000000000194";"Vodní hospodářství a životní prostředí - státní správa";"0";"";"1014";"Ozdrav.hosp.zvířat,pol.plodin a zvl.veterin.péče";"5169";"Nákup ostatních služeb";"";"";"0";"10000";""
"2016";"2016-01-01";"ROZ";"232001";"0000000000135";"Doprava";"0";"";"2212";"Silnice";"5139";"Nákup materiálu jinde nezařazený";"";"";"0";"105000";""
"2016";"2016-01-01";"ROZ";"232001";"0000000000140";"Zimní údržba";"0";"";"2212";"Silnice";"5139";"Nákup materiálu jinde nezařazený";"";"";"0";"445000";""
"2016";"2016-01-01";"ROZ";"232001";"0000000000207";"Olešná - místní komunikace Bobrovská";"9404";"";"2212";"Silnice";"6121";"Budovy, haly a stavby";"";"";"0";"100000";""
"2016";"2016-01-01";"ROZ";"232001";"0000000000135";"Doprava";"0";"";"2219";"Ostatní záležitosti pozemních komunikací";"5139";"Nákup materiálu jinde nezařazený";"";"";"0";"66000";""
"2016";"2016-01-01";"ROZ";"232001";"0000000000140";"Zimní údržba";"0";"";"2219";"Ostatní záležitosti pozemních komunikací";"5139";"Nákup materiálu jinde nezařazený";"";"";"0";"625000";""
"2016";"2016-01-01";"ROZ";"232001";"0000000000115";"Lesní stezky";"0";"";"2219";"Ostatní záležitosti pozemních komunikací";"5169";"Nákup ostatních služeb";"";"";"0";"350000";""
"2016";"2016-01-01";"ROZ";"232001";"0000000000135";"Doprava";"0";"";"2219";"Ostatní záležitosti pozemních komunikací";"5169";"Nákup ostatních služeb";"";"";"0";"38000";""
"2016";"2016-01-01";"ROZ";"232001";"0000000000140";"Zimní údržba";"0";"";"2219";"Ostatní záležitosti pozemních komunikací";"5169";"Nákup ostatních služeb";"";"";"0";"1450000";""
"2016";"2016-01-01";"ROZ";"232001";"0000000000158";"Cyklodestinace";"0";"";"2219";"Ostatní záležitosti pozemních komunikací";"5169";"Nákup ostatních služeb";"";"";"0";"200000";""
"2016";"2016-01-01";"ROZ";"232001";"0000000000216";"Letní údržba komunikací, čištění";"0";"";"2219";"Ostatní záležitosti pozemních komunikací";"5169";"Nákup ostatních služeb";"";"";"0";"159000";""
"2016";"2016-01-01";"ROZ";"232001";"0000000000135";"Doprava";"0";"";"2219";"Ostatní záležitosti pozemních komunikací";"5171";"Opravy a udržování";"";"";"0";"469000";""
"2016";"2016-01-01";"ROZ";"232001";"0000000000135";"Doprava";"1031";"";"2219";"Ostatní záležitosti pozemních komunikací";"5171";"Opravy a udržování";"";"";"0";"200000";""
"2016";"2016-01-01";"ROZ";"232001";"0000000000338";"Bělisko - most";"1102";"";"2219";"Ostatní záležitosti pozemních komunikací";"6121";"Budovy, haly a stavby";"";"";"0";"100000";""
"2016";"2016-01-01";"ROZ";"232001";"0000000000357";"Budovatelů - mostek přes Bezděčku";"1702";"";"2219";"Ostatní záležitosti pozemních komunikací";"6121";"Budovy, haly a stavby";"";"";"0";"1290000";""
"2016";"2016-01-01";"ROZ";"232001";"0000000000308";"Petrovická - chodník";"5301";"";"2219";"Ostatní záležitosti pozemních komunikací";"6121";"Budovy, haly a stavby";"";"";"0";"70000";""
"2016";"2016-01-01";"ROZ";"232001";"0000000000250";"Jiříkovice - rekonstrukce MK na horním konci";"9212";"";"2212";"Silnice";"6121";"Budovy, haly a stavby";"";"";"0";"2650000";""
"2016";"2016-01-01";"ROZ";"232001";"0000000000300";"Hlinné – přístupová komunikace k p.č.280/4";"9113";"";"2212";"Silnice";"6121";"Budovy, haly a stavby";"";"";"0";"100000";""
"2016";"2016-01-01";"ROZ";"232001";"0000000000216";"Letní údržba komunikací, čištění";"0";"";"2212";"Silnice";"5139";"Nákup materiálu jinde nezařazený";"";"";"0";"5000";""
"2016";"2016-01-01";"ROZ";"232001";"0000000000216";"Letní údržba komunikací, čištění";"0";"";"2212";"Silnice";"5156";"Pohonné hmoty a maziva";"";"";"0";"5000";""
"2016";"2016-01-01";"ROZ";"232001";"0000000000135";"Doprava";"0";"";"2212";"Silnice";"5169";"Nákup ostatních služeb";"";"";"0";"135000";""
"2016";"2016-01-01";"ROZ";"232001";"0000000000140";"Zimní údržba";"0";"";"2212";"Silnice";"5169";"Nákup ostatních služeb";"";"";"0";"1887000";""
"2016";"2016-01-01";"ROZ";"232001";"0000000000216";"Letní údržba komunikací, čištění";"0";"";"2212";"Silnice";"5169";"Nákup ostatních služeb";"";"";"0";"990100";""
"2016";"2016-01-01";"ROZ";"232001";"0000000000135";"Doprava";"0";"";"2212";"Silnice";"5171";"Opravy a udržování";"";"";"0";"1990000";""
"2016";"2016-01-01";"ROZ";"232001";"0000000000135";"Doprava";"9614";"";"2212";"Silnice";"5171";"Opravy a udržování";"";"";"0";"800000";""
"2016";"2016-01-01";"ROZ";"232001";"0000000000135";"Doprava";"9709";"";"2212";"Silnice";"5171";"Opravy a udržování";"";"";"0";"900000";""
"2016";"2016-01-01";"ROZ";"232001";"0000000000287";"Přechody pro chodce";"1006";"";"2212";"Silnice";"6121";"Budovy, haly a stavby";"";"";"0";"300000";""
"2016";"2016-01-01";"ROZ";"232001";"0000000000371";"Drobného-úprava před Enpekou na st. sídlišti vč. Zastávky MHD";"1904";"";"2212";"Silnice";"6121";"Budovy, haly a stavby";"";"";"0";"80000";""
"2016";"2016-01-01";"ROZ";"232001";"0000000000368";"Dukelská - Rekonstrukce mostu + lávka pro pěší s přechodem";"2003";"";"2212";"Silnice";"6121";"Budovy, haly a stavby";"";"";"0";"290000";""
"2016";"2016-01-01";"ROZ";"232001";"0000000000236";"Rekonstrukce MK po kanalizaci pod Klečkovským rybníkem";"3205";"";"2212";"Silnice";"6121";"Budovy, haly a stavby";"";"";"0";"180000";""
"2016";"2016-01-01";"ROZ";"232001";"0000000000247";"Bezpečnost dopravy ul.Masarykova, Budovatelů, Hornická – studie";"3804";"";"2212";"Silnice";"6121";"Budovy, haly a stavby";"";"";"0";"290000";""
"2016";"2016-01-12";"ROZ";"232004";"0000000000100";"Vodní hospodářství";"0";"";"2310";"Pitná voda";"5169";"Nákup ostatních služeb";"";"";"0";"33200";""
"2016";"2016-01-12";"ROZ";"232004";"0000000000100";"Vodní hospodářství";"0";"";"2310";"Pitná voda";"5329";"Ostatní neinvestiční transfery veřejným rozpočtům územní úrovně";"";"";"0";"-33200";""
"2016";"2016-11-09";"ROZ";"232023";"0000000000114";"Sociální práce";"0";"";"6171";"Činnost místní správy";"5176";"Účastnické poplatky na konference";"";"";"0";"300";""
"2016";"2016-11-09";"ROZ";"232024";"0000000000114";"Sociální práce";"0";"";"6171";"Činnost místní správy";"5176";"Účastnické poplatky na konference";"";"";"0";"-300";""
"2016";"2016-11-14";"ROZ";"232018";"0000000000122";"Sbor dobrovolných hasičů";"0";"";"3613";"Nebytové hospodářství";"5152";"Teplo";"";"";"0";"-15000";""
"2016";"2016-11-14";"ROZ";"232018";"0000000000122";"Sbor dobrovolných hasičů";"0";"";"3613";"Nebytové hospodářství";"5151";"Studená voda";"";"";"0";"15000";""
